A. Bonmascota,,,,,,,,,,,,,
Բ002,,Բոնմասկոտա Դեյլի 10 կգ Bonmascota Daily,,,,,,,,,,,"9 000,00"
Բ001,,Բոնմասկոտա Դեյլի 20 կգ Bonmascota Daily,,,,,,,,,,,"15 000,00"
Բ007,,Բոնմասկոտա Էներջի 20 կգ Bonmascota Energy,,,,,,,,,,,"22 000,00"
Բ004,,Բոնմասկոտա Էքստրիմ 20 կգ Bonmascota Extrem,,,,,,,,,,,"24 000,00"
Բ005,,Բոնմասկոտա Կատուների 10 կգ Bonmascota Cat,,,,,,,,,,,"11 000,00"
Բ006,,Բոնմասկոտա Պլյուս 20 կգ Bonmascota Plus,,,,,,,,,,,"20 000,00"
Բ003,,Բոնմասկոտա Ջունիոր 10 կգ Bonmascota Junior,,,,,,,,,,,"13 000,00"
B. Josera GmbH Co KG,,,,,,,,,,,,,
Ջ45,,"Բարձր էներգետիկ արժեքով, շների High Energy 12․5kg",,,,,,,,,,,"22 500,00"
Ջ23,,"Բուժիչ Ռենալ, շների Help Renal Dog dry 10kg",,,,,,,,,,,"22 000,00"
Ջ12,,"Բուժիչ քաշի կարգավորման և դիաբետիկ, շների Help Weight & Diabetic Dog dry 10kg",,,,,,,,,,,"22 000,00"
Ջ26,,"Բուժիչ, Գաստրո, կատուների Help Gastro Cat Dry 2kg",,,,,,,,,,,"6 000,00"
Ջ21,,"Բուժիչ, Գաստրո, շներիHelp Gastro Dog dry 10kg",,,,,,,,,,,"22 000,00"
Ջ34,,"Բուժիչ, Հիպոալերգիկ, կատուների Help Hypoallergenic Cat Dry 2kg",,,,,,,,,,,"6 000,00"
Ջ22,,"Բուժիչ, Հիպոալերգիկ, շների Help Hypoallergenic dog 10kg",,,,,,,,,,,"25 000,00"
Ջ28,,"Բուժիչ, Ուրինարի, կատուների Help Urinary Cat dry 10kg",,,,,,,,,,,"25 000,00"
Ջ27,,"Բուժիչ, Ռենալ, կատուների Help Renal Cat Dry 10kg",,,,,,,,,,,"25 000,00"
Ջ38,,Գառի և բրնձի համով Josera Lamb & Rice 12.5kg,,,,,,,,,,,"26 000,00"
Ջ24,,Դեյլի քեթ կատուների Daily cat 10kg,,,,,,,,,,,"21 000,00"
Ջ37,,"Լարջ Բրիդ խոշոր ցեղատեսակի շների Large Breed 12,5kg",,,,,,,,,,,"22 500,00"
Ջ25,,Կատուների ձագերի Kitten Grainfree 10kg,,,,,,,,,,,"24 000,00"
Ջ46,,Կարտոֆիլի և Գառի համով շների կեր Lamb & Batate 12․5kg,,,,,,,,,,,"27 500,00"
Ջ36,,Մինի Դելյուքս շների Mini Deluxe Adult 10kg,,,,,,,,,,,"20 000,00"
Ջ18,,Մինի Ջունիոր շների համար Mini Junior 15kg,,,,,,,,,,,"33 500,00"
Ջ43,,Նեյչը քեթ Josera Nature Cat 10kg,,,,,,,,,,,"24 000,00"
Ջ48,,Չոր կեր շների համար Ֆեստիվալ 12․5կգ,,,,,,,,,,,"22 500,00"
Ջ41,,Ջոսիդոգ Էկոնոմ JosiDog Economy 15kg,,,,,,,,,,,"23 000,00"
Ջ08,,Ջոսիդոգ շների ողջ ընտանիքի JosiDog Family 15kg,,,,,,,,,,,"25 000,00"
Ջ09,,"Ջոսիդոգ Ջունիոր, շան ձագերի JosiDog Junior 15kg",,,,,,,,,,,"23 000,00"
Ջ11,,"Ջոսիդոգ Ռեգուլյար, շների JosiDog Regular 15kg",,,,,,,,,,,"23 000,00"
Ջ14,,"Ջոսիքեթ բադի համով, կատուների JosiCat Crispy Duck Adult 10kg",,,,,,,,,,,"16 000,00"
Ջ15,,Ջոսիքեթ ստերջացված կատուների JosiCat Sterilized Classic 10kg,,,,,,,,,,,"16 000,00"
Ջ16,,"Ջոսիքեթ տավարի մսի համով, կատուների JosiCat Tasty Beef Adult 10kg",,,,,,,,,,,"16 000,00"
Ջ44,,Ջոսիքեթ Քիթթն JosiCat Kitten 10kg,,,,,,,,,,,"16 000,00"
Ջ19,,Սենսիթիվ զգայուն շների Sensitive Adult 15kg,,,,,,,,,,,"27 000,00"
Ջ20,,Սենսիթիվ զգայուն շների ձագերի Sensitive Junior 15kg,,,,,,,,,,,"28 000,00"
Ջ13,,Քեթլյուքս կատուների Catelux 10kg,,,,,,,,,,,"22 000,00"
Ջ39,,Քիդս Josera Kids 12.5 kg,,,,,,,,,,,"23 500,00"
Ջ40,,Ֆեմիլի պլյուս Josera Family Plus 12.5 kg,,,,,,,,,,,"28 000,00"
C. Petmaxi S.A.,,,,,,,,,,,,,
Մ01,,Ալիփեթ շների Alipet Adult Dogs 20kg,,,,,,,,,,,"9 700,00"
Մ03,,Ջեքփեթ Էներջի շների Jackpet High Performance 20kg,,,,,,,,,,,"16 000,00"
Մ05,,Ջեքփեթ կատուների Jackpet cat 20kg,,,,,,,,,,,"18 000,00"
Մ02,,Ջեքփեթ հասուն շների Jackpet Adult 20kg,,,,,,,,,,,"12 000,00"
Մ04,,Ջեքփեթ շների ձագերի Jackpet Puppy 20kg,,,,,,,,,,,"16 000,00"
D. Iltex,,,,,,,,,,,,,
Բ02,,Լուպի շների Luppy 10kg,,,,,,,,,,,"4 500,00"
F. Odog,,,,,,,,,,,,,
J01,,J01 Ձողիկներ գունավոր տափակ 100հ/տ MC002,,,,,,,,,,,"2 900,00"
J02,,J02 Ձողիկներ գունավոր կլոր 100հ/տ MC003,,,,,,,,,,,"2 900,00"
J03,,J03 Ջլային ոսկոր 8սմ CH004,,,,,,,,,,,"150,00"
J04,,J04 Ջլային ոսկոր 10սմ CH004,,,,,,,,,,,"300,00"
J05,,J05 Ջլային ոսկոր 15սմ CH004,,,,,,,,,,,"500,00"
J06,,J06 Ջլային ոսկոր 20սմ CH004,,,,,,,,,,,"900,00"
J07,,J07 Ջլային ոսկոր 25սմ 250գր CH004,,,,,,,,,,,"1 200,00"
J08,,J08 Ջլային սպիտակ ոսկոր կարմիր գծով 8սմ CH026,,,,,,,,,,,"150,00"
J09,,J09 Ջլային սպիտակ ոսկոր կանաչ գծով 10սմ CH026,,,,,,,,,,,"250,00"
J10,,J10 Ջլային սպիտակ ոսկոր դեղին գծով 12սմ CH026,,,,,,,,,,,"400,00"
J11,,J11 Ջլային թվիստ հավի 12.5սմ CK006,,,,,,,,,,,"150,00"
J12,,J12 Հավի ֆիլեով թվիստ ձողիկ 14սմ CK015,,,,,,,,,,,"200,00"
J13,,J13 Ջլային ոսկոր հավի 8սմ CK009,,,,,,,,,,,"200,00"
J14,,"J14 Համովիկ շան համար-հավի մսով թվիսթեր 12,7սմ CK027",,,,,,,,,,,"150,00"
J15,,"J15 Համովիկ շան համար-հավի մսով ձողիկներ 12,7սմ CK024",,,,,,,,,,,"350,00"
J16,,"J16 Համովիկ շան համար-հավի մսով ձողիկներ 12,7սմ CK019",,,,,,,,,,,"100,00"
J17,,J17 Համովիկ շան համար-հավի ֆիլե CK038,,,,,,,,,,,"200,00"
J18,,"J18 Համովիկ շան համար-հավի մսով, կալցիումով ոսկորիկներ 6,35սմ CK036",,,,,,,,,,,"100,00"
J19,,J19 Համովիկ շան համար-բադի մսով ձողիկներ DK011,,,,,,,,,,,"120,00"
J20,,J20 Համովիկ շան համար-շրջանակաձև թխվածքաբլիթներ BB011,,,,,,,,,,,"2 300,00"
J21,,J21 Համովիկ շան համար-թխվածքաբլիթներ ոսկորի տեսքով BB008,,,,,,,,,,,"2 300,00"
J22,,"J22 Համովիկ շան համար-գունավոր ոսկորիկներ 13,97սմ MC004",,,,,,,,,,,"250,00"
J23,,"J23 Համովիկ շան համար-ոսկորիկներ 31,75սմ CH004",,,,,,,,,,,"2 500,00"
J24,,"J24 Համովիկ շան համար-թվիսթեր 15,24սմ CH031",,,,,,,,,,,"400,00"
J25,,"J25 Համովիկ շան համար-հավի մսով ձողիկներ 7,62սմ CK005",,,,,,,,,,,"200,00"
J26,,"J26 Համովիկ շան համար-հավի մսով ձողիկներ 12,7սմ CK005",,,,,,,,,,,"300,00"
J27,,"J27 Համովիկ շան համար-հավի մսով ձողիկներ 20,32սմ CK005",,,,,,,,,,,"500,00"
J28,,"J28 Համովիկ շան համար-հավի մսով ձողիկներ 12,7սմ CK021",,,,,,,,,,,"330,00"
J29,,"J29 Համովիկ շան համար-հավի մսով սենդվիչ 12,7սմ CK023",,,,,,,,,,,"250,00"
J30,,"J30 Համովիկ շան համար-հավի մսով ոսկորիկներ 7,62սմ CK040",,,,,,,,,,,"250,00"
J31,,"J31 Համովիկ շան համար-բադի մսով ոսկորիկներ 7,62սմ DK007",,,,,,,,,,,"220,00"
J32,,"J32 Համովիկ շան համար-բադի մսով ոսկորիկներ 12,7սմ DK007",,,,,,,,,,,"550,00"
J33,,"J33 Համովիկ շան համար-բադի մսով ոսկորիկներ 20,32սմ DK007",,,,,,,,,,,"1 500,00"
J34,,"J34 Համովիկ շան համար-բադի մսով ոսկորիկներ 17,78սմ DK010",,,,,,,,,,,"800,00"
J35,,J35 Համովիկ շան համար-թխվածքաբլիթներ ոսկորի տեսքով 31662,,,,,,,,,,,"2 300,00"
J36,,"J36 Համովիկ շան համար-հավի մսով ձողիկներ 15,24սմ 31146",,,,,,,,,,,"500,00"
J37,,"J37 Համովիկ շան համար-ջլային ձողիկներ 12,7սմ 27650",,,,,,,,,,,"50,00"
Q029,,Q029 Համովիկ շան համար-հավով և քաղցր կատոֆիլով փաթաթած ձողիկ 100գր 4059 31012083,,,,,,,,,,,"700,00"
Q050,,Q050 Համովիկ շան համար-Կաթի համով փայտ և մինի հավի ջերկի 100գր 3922 31011026,,,,,,,,,,,"1 200,00"
Q051,,Q051 Համովիկ շան համար-Բադի ջերկի 100գր 3939 31021004,,,,,,,,,,,"1 200,00"
Q052,,Q052 Համովիկ շան համար-Գառան մսի շերտեր 100գր 3946 31042018,,,,,,,,,,,"1 300,00"
Q053,,Q053 Համովիկ շան համար-Տավարի մսի շերտեր 100գր 3953 31072004,,,,,,,,,,,"1 200,00"
Q054,,Q054 Համովիկ շան համար-Բարբիքյուի համով բադի ձողիկներ 100գր 3960 31022020,,,,,,,,,,,"1 100,00"
Q055,,Q055 Համովիկ շան համար-Ոլորված Հավի Սենդվիչներ 100գր 3977 31012042,,,,,,,,,,,"1 200,00"
Q056,,Q056 Համովիկ շան համար-Բադի նրբերշիկներ 100գր 3984 31022079,,,,,,,,,,,"1 200,00"
Q057,,Q057 Համովիկ շան համար-Բադի և փոլոքի խորանարդներ 100գր 3991 31022011,,,,,,,,,,,"900,00"
Q058,,Q058 Համովիկ շան համար-Նապաստակի և փոլոքի շերտեր 100գր 4004 31052022,,,,,,,,,,,"700,00"
Q059,,Q059 Համովիկ շան համար-Գառան կողոսկրեր 100գր 4011 31042017,,,,,,,,,,,"1 200,00"
Q060,,Q060 Համովիկ շան համար-Եռագույն ձկան ֆիլե 100գր 4028 31062041,,,,,,,,,,,"800,00"
Q061,,"Q061 Համովիկ շան համար-Բադի, հավի, փոլոքի գրանուլ 100գր 4035 31012078",,,,,,,,,,,"800,00"
Q062,,Q062 Համովիկ շան համար-Հավի փափուկ ջերկի 100գր 4042 31011010,,,,,,,,,,,"1 300,00"
Q064,,Q064 Համովիկ շան համար-Հավի միս և կիվի 100գր 4073 31013016,,,,,,,,,,,"800,00"
Q065,,Q065 Համովիկ շան համար-Հավ և արքայախնձոր 100գր 4080 31013017,,,,,,,,,,,"800,00"
Q066,,"Q066 Համովիկ շան համար-Հավի, բադի, փոլոքի ֆիլե 100գր 4097 31012072",,,,,,,,,,,"1 000,00"
Q067,,Q067 Համովիկ շան համար-Բադի փոքր ֆիլե 100գր 4103 31021014,,,,,,,,,,,"800,00"
Q068,,Q068 Համովիկ շան համար-Բադի միս և թխվածքաբլիթ 100գր 4110 31023011,,,,,,,,,,,"1 000,00"
Q069,,Q069 Համովիկ շան համար-Բադ ոլորված սենդվիչ 100գր 4127 31022026,,,,,,,,,,,"1 200,00"
Q070,,Q070 Համովիկ շան համար-Նապաստակի ականջ և բադի միս 100գր 4134 31052024,,,,,,,,,,,"1 100,00"
Q071,,Q071 Համովիկ շան համար-Տավարի միս և քաղցր կարտոֆիլ 100գր 4141 31072017,,,,,,,,,,,"1 100,00"
Q072,,Q072 Համովիկ շան համար-Գառան միս և բրնձե ձողիկներ 100գր 4158 31042004,,,,,,,,,,,"1 000,00"
Q073,,Q073 Համովիկ շան համար-Գառան ոսկոր օսլայով 100գր 4165 31043002,,,,,,,,,,,"1 000,00"
Q074,,Q074 Համովիկ շան համար-Նապաստակի կողոսկր 100գր 4172 31052012,,,,,,,,,,,"1 000,00"
Q076,,Q076 Համովիկ շան համար-Բադի միս և ոսկոր 31013001,,,,,,,,,,,"80,00"
Q077,,Q077 Համովիկ շան համար-Հում կաշվի Բադի փաթաթան սեղմված ոսկորով 8 սմ 31012056,,,,,,,,,,,"200,00"
Q078,,Q078 Համովիկ շան համար-Հում կաշվի Բադի փաթաթան սեղմված ոսկորով 12 սմ 31012058,,,,,,,,,,,"500,00"
Q079,,Q079 Համովիկ շան համար-Գառի մսի փաթաթան ջլային ձողիկներ 12սմ 31012084,,,,,,,,,,,"300,00"
Q080,,Q080 Համովիկ շան համար-Գառի մսի փաթաթան և մեծ ջլային ոսկոր 22սմ 31013051,,,,,,,,,,,"900,00"
Q081,,Q081 Համովիկ շան համար-Հում կաշվից Բադի փաթաթան հանգուցավոր ոսկորով 11 սմ 31013005,,,,,,,,,,,"250,00"
Q082,,Q082 Համովիկ շան համար-Հում կաշվից Գառի փաթաթան հանգուցավոր ոսկորով 20 սմ 31013062,,,,,,,,,,,"800,00"
Q083,,Q083 Համովիկ շան համար-Հում կաշվից Գառի փաթաթան հանգուցավոր ոսկորով 7 սմ 31013044,,,,,,,,,,,"150,00"
Q084,,Q084 Համովիկ շան համար- բադի և բրնձի գանտելներ 31012113,,,,,,,,,,,"200,00"
Q085,,Q085 Համովիկ շան համար-Գառի մսով փաթաթված ջլային ձողիկներ 31013024,,,,,,,,,,,"250,00"
Q086,,Q086 Համովիկ շան համար-Բադի մսի կտորներ 31022013,,,,,,,,,,,"50,00"
Q087,,Q087 Համովիկ շան համար-Բադի մսով ջլային ձողիկներ 31023018,,,,,,,,,,,"100,00"
Q088,,Q088 Համովիկ շան համար-Տավարի մսով ոսկորներ 31073001,,,,,,,,,,,"80,00"
Q005,,Համովիկ կատվի համար-գառի փոքր սուշի 50գր 1843 32042001,,,,,,,,,,,"600,00"
Q004,,Համովիկ կատվի համար-հավի մինի սենդվիչ 50գր 1836 32012002,,,,,,,,,,,"600,00"
Q001,,Համովիկ կատվի համար-հավով գազարով բարակ չիփսեր 50գր 1805 32011012,,,,,,,,,,,"500,00"
Q002,,Համովիկ կատվի համար-հավով ձողիկներ 50գր 1812 32011001,,,,,,,,,,,"600,00"
Q003,,Համովիկ կատվի համար-հավով ու բրնձով մինի ձողիկներ 50գր 1829 32012010,,,,,,,,,,,"600,00"
Q045,,Համովիկ շան համար-բադի գանտելներ 100գր 0014 31022008,,,,,,,,,,,"1 000,00"
Q026,,Համովիկ շան համար-բադի մսով ոսկոր 100գր 1720 31022023,,,,,,,,,,,"1 000,00"
Q044,,Համովիկ շան համար-բադի սուշի 100գր 0038 31022003,,,,,,,,,,,"1 000,00"
Q013,,Համովիկ շան համար-բադի տակո 100գր 1607 31022044,,,,,,,,,,,"1 000,00"
Q024,,Համովիկ շան համար-բադի փափուկ ջերկի 100գր 0557 31021008,,,,,,,,,,,"1 000,00"
Q016,,Համովիկ շան համար-բադի ֆիլե 100գր 1638 310122019,,,,,,,,,,,"1 200,00"
Q025,,Համովիկ շան համար-բադով և բրնձով գանտելներ 100գր 1713 31022030,,,,,,,,,,,"1 000,00"
Q020,,Համովիկ շան համար-գառի ձողիկ 100գր 1669 31042008,,,,,,,,,,,"900,00"
Q041,,Համովիկ շան համար-գառի սենդվիչ 100գր 0021 31042011,,,,,,,,,,,"1 200,00"
Q034,,Համովիկ շան համար-գունավոր հավի սուշի 100գր 1782 31012003,,,,,,,,,,,"800,00"
Q032,,Համովիկ շան համար-ծովային ձկան մսով 100գր 1775 31012011,,,,,,,,,,,"1 000,00"
Q007,,Համովիկ շան համար-կաթի համով ատամի ոսկոր 100գր 1553 31081048,,,,,,,,,,,"800,00"
Q049,,Համովիկ շան համար-հավի  հում ջերկի 100գր 1072 31011014,,,,,,,,,,,"1 200,00"
Q048,,Համովիկ շան համար-հավի  ջերկի 100գր 1010 31011004,,,,,,,,,,,"1 500,00"
Q047,,Համովիկ շան համար-հավի գանտելներ 100գր 1140,,,,,,,,,,,"1 000,00"
Q031,,Համովիկ շան համար-հավի և բրնձի համով ոսկոր 100գր 4066 31012005,,,,,,,,,,,"800,00"
Q028,,Համովիկ շան համար-հավի և կաթի համով ձողիկ 100գր 1744 31013011,,,,,,,,,,,"1 000,00"
Q036,,Համովիկ շան համար-հավի կողիկներ 100գր 1294 31012002,,,,,,,,,,,"900,00"
Q027,,Համովիկ շան համար-հավի ձողիկ 100գր 1157 31012033,,,,,,,,,,,"900,00"
Q037,,Համովիկ շան համար-հավի ձողիկներ 100գր 1362 31012007,,,,,,,,,,,"1 000,00"
Q010,,Համովիկ շան համար-հավի մինի գանտելներ 100գր 1263 31012055,,,,,,,,,,,"1 000,00"
Q009,,Համովիկ շան համար-հավի մսով փաթաթած ձողիկ 100գր 1577 31012084,,,,,,,,,,,"900,00"
Q011,,Համովիկ շան համար-հավի մսով փաթաթած ոսկոր 100գր 1584 31012057,,,,,,,,,,,"1 200,00"
Q039,,Համովիկ շան համար-հավի պարույրաձև ջերկիներ 100գր 1393 31011012,,,,,,,,,,,"1 200,00"
Q014,,Համովիկ շան համար-հավի ռոլլ 100գր 1614 31012077,,,,,,,,,,,"800,00"
Q046,,Համովիկ շան համար-հավի սուշի 100գր 1096 31012010,,,,,,,,,,,"1 000,00"
Q012,,Համովիկ շան համար-հավի տակո 100գր 1591 31012076,,,,,,,,,,,"800,00"
Q040,,Համովիկ շան համար-հավի փափուկ օղակներ 100գր 1409 31011028,,,,,,,,,,,"1 200,00"
Q015,,Համովիկ շան համար-հավի օղաբլիթ 100գր 1621 31013035,,,,,,,,,,,"900,00"
Q035,,Համովիկ շան համար-հավով և բրնձով գանտելներ 100գր 1249 31012003,,,,,,,,,,,"1 000,00"
Q030,,Համովիկ շան համար-հավով և քաղցր կատոֆիլով ձողիկ 100գր 1751 31012030,,,,,,,,,,,"800,00"
Q029,,Համովիկ շան համար-հավով և քաղցր կատոֆիլով փաթաթած ձողիկ 100գր 1768 31012083,,,,,,,,,,,"800,00"
Q019,,Համովիկ շան համար-ձկան կաշի քաղցր կարտոֆիլով 100գր 1652 31063003,,,,,,,,,,,"1 000,00"
Q042,,Համովիկ շան համար-նապաստակի ձողիկներ 100գր 4189 31052011,,,,,,,,,,,"1 000,00"
Q043,,Համովիկ շան համար-նապաստակի սուշի 100գր 0410 31052006,,,,,,,,,,,"1 000,00"
Q008,,Համովիկ շան համար-պանրի համով ատամի ոսկոր 100գր 1560 31081049,,,,,,,,,,,"600,00"
Q017,,Համովիկ շան համար-սաղմոնի ձողիկ 100գր 1645 31062003,,,,,,,,,,,"800,00"
Q018,,Համովիկ շան համար-սաղմոնի ֆիլե ձկան տեսքով 100գր 1386 31062008,,,,,,,,,,,"800,00"
Q006,,Համովիկ շան համար-տավարի հում կաշի 100գր 1546 31081047,,,,,,,,,,,"500,00"
Q022,,Համովիկ շան համար-տավարի մսով գանտելներ 100գր 1683 31072008,,,,,,,,,,,"1 000,00"
Q023,,Համովիկ շան համար-տավարի մսով ձողիկներ 100գր 1690 31073001,,,,,,,,,,,"1 000,00"
Q038,,Համովիկ շան համար-տավարի չիփսեր 100գր 1799 31072007,,,,,,,,,,,"1 200,00"
Q021,,Համովիկ շան համար-տավարի սուշի 100գր 1676 31072010,,,,,,,,,,,"1 000,00"
Q033,,Համովիկ շան համար-փոքր հավի սուշի 100գր 1430 31012008,,,,,,,,,,,"800,00"
Ի13,,Շան Բիսկվիտ Խնձոր և Հատապտուղ  Apple and Berries Adult All Breeds 1kg,,,,,,,,,,,"900,00"
Ի12,,"Շան Բիսկվիտ Կոկոս Վանիլ COCCO, VANIGLIA E LIQUIRIZIA Adult All Breeds 1kg",,,,,,,,,,,"900,00"
Ի11,,Շան Բիսկվիտ Նարինջ և Արքայախնձոր ARANCIA E ANANAS Adult All Breeds 1kg,,,,,,,,,,,"900,00"
G. Juanit,,,,,,,,,,,,,
ԱՎ 18,,ԱՎ 18 Կատվի ավազ Պրեմիում 10կգ,,,,,,,,,,,"2 200,00"
ԱՎ 19,,ԱՎ 19 Կատվի ավազ Պրեմիում ակտիվացված կարբոնով 10կգ,,,,,,,,,,,"2 800,00"
ԱՎ 02,,Կատվի Ավազ Պրեմիում Ջուանիտ 7կգ,,,,,,,,,,,"1 500,00"
ԱՎ 05,,Կատվի ավազ Սուպեր Պրեմիում Լավանդայի Հոտով Ջուանիտ 7կգ,,,,,,,,,,,"1 800,00"
ԱՎ 04,,Կատվի ավազ Սուպեր Պրեմիում Կիտրոնի Հոտով Ջուանիտ 7կգ,,,,,,,,,,,"1 800,00"
H. Tofu,,,,,,,,,,,,,
Ավ 12,,Կատվի Լցանյութ Tofu Դեղձ  6լ,,,,,,,,,,,"1 000,00"
Ավ 13,,Կատվի Լցանյութ Tofu Լավանդա  6լ,,,,,,,,,,,"1 000,00"
Ավ 11,,Կատվի Լցանյութ Tofu Կանաչ թեյ  6լ,,,,,,,,,,,"1 000,00"
Ավ 10,,Կատվի Լցանյութ Tofu օրիգինալ 6լ,,,,,,,,,,,"1 000,00"
I. Probalance,,,,,,,,,,,,,
Պ01,,"ProBalance 1'st Diet для котят с кроликом в желе, пауч, 85г",,,,,,,,,,,"100,00"
Պ02,,"ProBalance 1'st Diet для котят с телятиной в желе, пауч, 85г",,,,,,,,,,,"100,00"
Պ03,,"ProBalance Active для активных кошек, пауч 85г",,,,,,,,,,,"100,00"
Պ12,,"ProBalance Gourmet Diet с телятиной и кроликом в желе, пауч 85 гр",,,,,,,,,,,"100,00"
Պ11,,"ProBalance Gourmet Diet с телятиной и ягненком в желе, пауч 85 гр",,,,,,,,,,,"100,00"
Պ04,,"ProBalance Immuno Protection с говядиной в соусе кошек, пауч 85г",,,,,,,,,,,"100,00"
Պ05,,"ProBalance Immuno Protection с кроликом в соусе кошек, пауч 85г",,,,,,,,,,,"100,00"
Պ09,,"ProBalance Immuno для собак малых и средних пород, пауч",,,,,,,,,,,"100,00"
Պ08,,Probalance PUPPY Immuno для щенков 85гр,,,,,,,,,,,"100,00"
Պ10,,ProBalance Sensitive для собак чувствительное пищеварение,,,,,,,,,,,"100,00"
Պ06,,"ProBalance Sensitive чувствительное пищеварение кошек, пауч 85 гр",,,,,,,,,,,"100,00"
Պ07,,"ProBalance Sterilized для стерилиз.кошек/кастр. котов, пауч 85гр",,,,,,,,,,,"100,00"
I. Четвероногий Гурман,,,,,,,,,,,,,
Գ008,,Ekonorm Мясное рагу 100 г для собак с говядиной и сердцем 618101001,,,,,,,,,,,"280,00"
Գ009,,Ekonorm Мясное рагу 100 г для собак с индейкой и сердцем 618101002,,,,,,,,,,,"280,00"
Գ011,,Ekonorm Мясное рагу 100 г для собак с курицей и потрошками 618101004,,,,,,,,,,,"280,00"
Գ010,,Ekonorm Мясное рагу 100 г для собак с ягненком и рубцом 618101003,,,,,,,,,,,"280,00"
Գ015,,Ekonorm Мясное рагу 340 г для собак с говядиной и сердцем 618109001,,,,,,,,,,,"480,00"
Գ016,,Ekonorm Мясное рагу 340 г для собак с курицей и потрошками 618109002,,,,,,,,,,,"480,00"
Գ017,,Ekonorm Мясное рагу 340 г для собак с ягненком и рубцом 618109003,,,,,,,,,,,"480,00"
Գ012,,Ekonorm Мясное рагу 850 г для собак с говядиной и сердцем 618113001,,,,,,,,,,,"950,00"
Գ013,,Ekonorm Мясное рагу 850 г для собак с индейкой и сердцем 618113002,,,,,,,,,,,"950,00"
Գ014,,Ekonorm Мясное рагу 850 г для собак с ягненком и рубцом 618113003,,,,,,,,,,,"950,00"
Գ079,,Ekonorm Паштет 100 г для кошек с индейкой и потрошками 4660018501331,,,,,,,,,,,"280,00"
Գ080,,Ekonorm Паштет 100 г для кошек с телятиной и сердцем 4660018501355,,,,,,,,,,,"280,00"
Գ076,,Petibon Smart Паштет для кошек 100 г с индейкой и уткой 4660018501195,,,,,,,,,,,"280,00"
Գ077,,Petibon Smart Паштет для кошек 100 г с курицей и телятиной 4660018501171,,,,,,,,,,,"280,00"
Գ078,,Petibon Smart Паштет для кошек 100 г с телятиной и кроликом 4660018501232,,,,,,,,,,,"280,00"
Գ003,,Petibon Smart Рубленое мясо 100 г для собак с говядиной и ягненком 317101003,,,,,,,,,,,"300,00"
Գ001,,Petibon Smart Рубленое мясо 100 г для собак с индейкой и телятиной 317101001,,,,,,,,,,,"300,00"
Գ004,,Petibon Smart Рубленое мясо 100 г для собак с курицей и уткой 317101004,,,,,,,,,,,"300,00"
Գ002,,Petibon Smart Рубленое мясо 100 г для собак с ягненком и индейкой 317101002,,,,,,,,,,,"300,00"
Գ006,,Petibon Smart Рубленое мясо 240 г для собак с индейкой и телятиной 317141003,,,,,,,,,,,"450,00"
Գ005,,Petibon Smart Рубленое мясо 240 г для собак с курицей и уткой 317141002,,,,,,,,,,,"450,00"
Գ007,,Petibon Smart Рубленое мясо 240 г для собак с ягненком и индейкой 317141004,,,,,,,,,,,"450,00"
Գ071,,"ВКУСМЯСИНА ""Кусочки с говядиной в соусе"" для собак (пауч), 85 г 4660018509108",,,,,,,,,,,"100,00"
Գ050,,"ВКУСМЯСИНА ""Кусочки с говядиной в соусе""стерилизованных кошек (пауч), 85г 721201001",,,,,,,,,,,"100,00"
Գ046,,"ВКУСМЯСИНА ""Кусочки с говядиной и печенью в соусе"" для собак иммунитет (пауч), 85г 721101002",,,,,,,,,,,"100,00"
Գ075,,"ВКУСМЯСИНА ""Кусочки с говядиной и печенью в соусе"" для стерилизованных кошек (пауч) 4660018509047",,,,,,,,,,,"100,00"
Գ056,,"ВКУСМЯСИНА ""Кусочки с индейкой в соусе"" для котят (пауч), 85г 721201008",,,,,,,,,,,"100,00"
Գ051,,"ВКУСМЯСИНА ""Кусочки с индейкой в соусе"" для стерилизованных кошек (пауч), 85г 721201002",,,,,,,,,,,"100,00"
Գ048,,"ВКУСМЯСИНА ""Кусочки с индейкой и языком в соусе"" для собак иммунитет (пауч) 85г 721101005",,,,,,,,,,,"100,00"
Գ052,,"ВКУСМЯСИНА ""Кусочки с кроликом в соусе"" для кошек (пауч), 85г 721201003",,,,,,,,,,,"100,00"
Գ049,,"ВКУСМЯСИНА ""Кусочки с кроликом и ягнёнком в соусе"" для собак, гипоаллергенный (пауч) 85г 721101006",,,,,,,,,,,"100,00"
Գ053,,"ВКУСМЯСИНА ""Кусочки с курицей в соусе"" для кошек (пауч), 85г 721201004",,,,,,,,,,,"100,00"
Գ055,,"ВКУСМЯСИНА ""Кусочки с телятиной в соусе"" для котят (пауч), 85г 721201007",,,,,,,,,,,"100,00"
Գ047,,"ВКУСМЯСИНА ""Кусочки с телятиной в соусе"" для щенков (пауч), 85г 721101004",,,,,,,,,,,"100,00"
Գ054,,"ВКУСМЯСИНА ""Кусочки с телятиной и языком в соусе"" для кошек (пауч), 85г 721201005",,,,,,,,,,,"100,00"
Գ072,,"ВКУСМЯСИНА ""Кусочки с телятиной и языком в соусе"" для собак с чувствительным пищеварен 4660018509146",,,,,,,,,,,"100,00"
Գ073,,"ВКУСМЯСИНА ""Кусочки с ягнёнком и говядиной в соусе"" для собак, здоровая кожа и шерсть (пауч) 85г 461",,,,,,,,,,,"100,00"
Գ057,,ВКУСМЯСИНА 100 г для котят с говядиной 703201001,,,,,,,,,,,"300,00"
Գ058,,ВКУСМЯСИНА 100 г для котят с курицей 703201002,,,,,,,,,,,"300,00"
Գ065,,ВКУСМЯСИНА 100 г для собак мелких пород с говядиной и сердцем 718101001,,,,,,,,,,,"300,00"
Գ069,,ВКУСМЯСИНА 100 г для собак мелких пород с говядиной и ягненком 718101005,,,,,,,,,,,"300,00"
Գ070,,ВКУСМЯСИНА 100 г для собак мелких пород с индейкой и сердцем 718101006,,,,,,,,,,,"300,00"
Գ066,,ВКУСМЯСИНА 100 г для собак мелких пород с индейкой и языком 718101002,,,,,,,,,,,"300,00"
Գ067,,ВКУСМЯСИНА 100 г для собак мелких пород с кроликом и ягненком 718101003,,,,,,,,,,,"300,00"
Գ068,,ВКУСМЯСИНА 100 г для собак мелких пород с телятиной и языком 718101004,,,,,,,,,,,"300,00"
Գ059,,ВКУСМЯСИНА 100 г для стерилизованных кошек с говядиной 703201003,,,,,,,,,,,"300,00"
Գ060,,ВКУСМЯСИНА 100 г для стерилизованных кошек с курицей 703201004,,,,,,,,,,,"300,00"
Գ061,,ВКУСМЯСИНА 100 г для щенков с говядиной 703101001,,,,,,,,,,,"300,00"
Գ062,,ВКУСМЯСИНА 100 г для щенков с индейкой 703101002,,,,,,,,,,,"300,00"
Գ064,,ВКУСМЯСИНА 100 г для щенков с кроликом 703101004,,,,,,,,,,,"300,00"
Գ063,,ВКУСМЯСИНА 100 г для щенков с перепелкой 703101003,,,,,,,,,,,"300,00"
Գ028,,ВКУСМЯСИНА 850 г для собак «Говядина с гречкой» 701113001,,,,,,,,,,,"900,00"
Գ029,,ВКУСМЯСИНА 850 г для собак «Говядина с рисом» 701113002,,,,,,,,,,,"900,00"
Գ030,,ВКУСМЯСИНА 850 г для собак «Индейка с рисом» 701113003,,,,,,,,,,,"900,00"
Գ031,,ВКУСМЯСИНА 850 г для собак «Сердце с гречкой» 701113004,,,,,,,,,,,"900,00"
Գ036,,ВКУСМЯСИНА Мясное ассорти 240 г для котят с говядиной 703241001,,,,,,,,,,,"400,00"
Գ037,,ВКУСМЯСИНА Мясное ассорти 240 г для котят с курицей 703241002,,,,,,,,,,,"400,00"
Գ038,,ВКУСМЯСИНА Мясное ассорти 240 г для стерилизованных кошек с говядиной 703241003,,,,,,,,,,,"400,00"
Գ039,,ВКУСМЯСИНА Мясное ассорти 240 г для стерилизованных кошек с курицей 703241004,,,,,,,,,,,"400,00"
Գ032,,ВКУСМЯСИНА Мясное ассорти 240 г для щенков с говядиной 703141001,,,,,,,,,,,"400,00"
Գ033,,ВКУСМЯСИНА Мясное ассорти 240 г для щенков с индейкой 703141002,,,,,,,,,,,"400,00"
Գ035,,ВКУСМЯСИНА Мясное ассорти 240 г для щенков с кроликом 703141004,,,,,,,,,,,"400,00"
Գ034,,ВКУСМЯСИНА Мясное ассорти 240 г для щенков с перепелкой 703141003,,,,,,,,,,,"400,00"
Գ018,,ВКУСМЯСИНА Мясное ассорти 340 г для собак с говядиной 703109001,,,,,,,,,,,"470,00"
Գ019,,ВКУСМЯСИНА Мясное ассорти 340 г для собак с индейкой 703109002,,,,,,,,,,,"470,00"
Գ023,,ВКУСМЯСИНА Мясное ассорти 340 г для собак с печенью 703109006,,,,,,,,,,,"470,00"
Գ020,,ВКУСМЯСИНА Мясное ассорти 340 г для собак с потрошками 703109003,,,,,,,,,,,"470,00"
Գ022,,ВКУСМЯСИНА Мясное ассорти 340 г для собак с сердцем 703109005,,,,,,,,,,,"470,00"
Գ021,,ВКУСМЯСИНА Мясное ассорти 340 г для собак с ягненком 703109004,,,,,,,,,,,"470,00"
Գ024,,ВКУСМЯСИНА Мясное ассорти 850 г для собак с говядиной 703113001,,,,,,,,,,,"900,00"
Գ025,,ВКУСМЯСИНА Мясное ассорти 850 г для собак с индейкой 703113002,,,,,,,,,,,"900,00"
Գ026,,ВКУСМЯСИНА Мясное ассорти 850 г для собак с потрошками 703113003,,,,,,,,,,,"900,00"
Գ027,,ВКУСМЯСИНА Мясное ассорти 850 г для собак с ягненком 703113004,,,,,,,,,,,"900,00"
Գ040,,ВКУСМЯСИНА Мясное рагу 240 г для собак мелких пород с говядиной и сердцем 718141001,,,,,,,,,,,"400,00"
Գ044,,ВКУСМЯСИНА Мясное рагу 240 г для собак мелких пород с говядиной и ягненком 718141005,,,,,,,,,,,"400,00"
Գ045,,ВКУСМЯСИНА Мясное рагу 240 г для собак мелких пород с индейкой и сердцем 718141006,,,,,,,,,,,"400,00"
Գ041,,ВКУСМЯСИНА Мясное рагу 240 г для собак мелких пород с индейкой и языком 718141002,,,,,,,,,,,"400,00"
Գ042,,ВКУСМЯСИНА Мясное рагу 240 г для собак мелких пород с кроликом и ягненком 718141003,,,,,,,,,,,"400,00"
Գ043,,ВКУСМЯСИНА Мясное рагу 240 г для собак мелких пород с телятиной и языком 718141004,,,,,,,,,,,"400,00"
Գ074,,"ВКУСМЯСИНА Пауч 85 г для щенков ""Кусочки с кроликом в соусе"" 4610139232188",,,,,,,,,,,"100,00"
J. TitBit,,,,,,,,,,,,,
Տ194,,Dental 3ը 1ում 110գր 025857,,,,,,,,,,,"460,00"
Տ193,,Dental 3ը 1ում 95գր 025840,,,,,,,,,,,"430,00"
Տ199,,Fresh խորտիկներ փոքր շների 55գր 005286,,,,,,,,,,,"340,00"
Տ 232,,Բադի ոտքեր Ոսկե հավաքածու 55գ 026403,,,,,,,,,,,"450,00"
Տ10,,Դենտ ասորտի 100 գր 006139,,,,,,,,,,,"400,00"
Տ19,,Դենտ շների համար 014578,,,,,,,,,,,"370,00"
Տ93,,Դենտալ+ շների 85գր 014462,,,,,,,,,,,"390,00"
Տ 221,,Երշիկ կատուների համար Կրկնակի հաճույք գառան և հնդկահավով 45գ 026397,,,,,,,,,,,"450,00"
Տ 220,,Երշիկ կատուների համար Կրկնակի հաճույք հորթի մսով և լյարդով 45գ 026380,,,,,,,,,,,"450,00"
Տ 219,,Երշիկ կատուների համար Կրկնակի հաճույք սաղմոնով և իշխանով 45գ 026366,,,,,,,,,,,"420,00"
Տ 218,,Երշիկ Սալչինո շների համար Ոսկե հավաքածու 120գ 025512,,,,,,,,,,,"550,00"
Տ36,,Երշիկ տավարի մսով 021699,,,,,,,,,,,"200,00"
Տ37,,Երշիկ Ֆերմերսկիյե 021743,,,,,,,,,,,"150,00"
Տ69,,Երշիկի ձողիկներ 550գր 024348,,,,,,,,,,,"1 350,00"
Տ06,,Թխվածքաբլիթ 500գ 025086,,,,,,,,,,,"1 200,00"
Տ62,,Լակոմկա 200գր 025123,,,,,,,,,,,"490,00"
Տ96,,Խրթխրթան բարձիկ 30գր 013878,,,,,,,,,,,"200,00"
Տ177,,Խրթխրթան բարձիկ 30գր 013885,,,,,,,,,,,"200,00"
Տ97,,Խրթխրթան բարձիկ 30գր 013892,,,,,,,,,,,"200,00"
Տ101,,Խրթխրթան բարձիկ 30գր 013908,,,,,,,,,,,"200,00"
Տ95,,Խրթխրթան բարձիկ 30գր 013915,,,,,,,,,,,"200,00"
Տ178,,Խրթխրթան բարձիկ 30գր 013922,,,,,,,,,,,"200,00"
Տ 118,,Խրթխրթան բարձիկ 60գր 015391,,,,,,,,,,,"560,00"
Տ119,,Խրթխրթան բարձիկ 60գր 015414,,,,,,,,,,,"560,00"
Տ120,,Խրթխրթան բարձիկներ բադի մսով կատուների ատամները մաքրելու համար 60գր 015407,,,,,,,,,,,"560,00"
Տ 239,,Խրթխրթան բարձիկներ կատուների համար սաղմոնի պաշտետով 60գ 025314,,,,,,,,,,,"350,00"
Տ 238,,Խրթխրթան բարձիկներ կատուների համար տավարի մսով 60գ 025321,,,,,,,,,,,"350,00"
Տ117,,Խրթխրթան բարձիկներ տավարի մսով կատուների ստամոքսից մազերը հեռացնելու համար 60գր 015421,,,,,,,,,,,"560,00"
Տ 216,,Ծամելու ձողիկներ անանուխով M 17գ 025772,,,,,,,,,,,"110,00"
Տ 215,,Ծամելու ձողիկներ տավարի մսով Տ 10գ 025765,,,,,,,,,,,"70,00"
Տ 217,,Ծամելու շերտեր հնդկահավով Տ 10գ 025789,,,,,,,,,,,"90,00"
Տ 212,,Ծամելու սնեկ DENT բադի համով փոքր ցեղատեսակի շների համար 20գ 014516,,,,,,,,,,,"250,00"
Տ 205,,Ծամելու սնեկ DENT գառան համով խոշոր ցեղատեսակի շների համար 270գ 024966,,,,,,,,,,,"1 000,00"
Տ 214,,Ծամելու սնեկ DENT գառան համով փոքր ցեղատեսակի շների համար 20գ 026151,,,,,,,,,,,"150,00"
Տ 20,,Ծամելու սնեկ DENT գառի մսով միջին տեսակի շների համար 50գ 000977,,,,,,,,,,,"300,00"
Տ 208,,Ծամելու սնեկ DENT ծովախեցգետնի համով փոքր շների համար 35գ 000960,,,,,,,,,,,"200,00"
Տ12,,Ծամելու սնեկ DENT կաթնաշոռով փոքր տեսակի շների համար 30գ 014530,,,,,,,,,,,"250,00"
Տ 213,,Ծամելու սնեկ DENT հավի համով փոքր ցեղատեսակի շների համար 20գ 026144,,,,,,,,,,,"150,00"
Տ14,,Ծամելու սնեկ DENT հնդկահավի մսով միջին շների համար 50գ 000984,,,,,,,,,,,"300,00"
Տ 211,,Ծամելու սնեկ DENT հորթի մսի համով միջին ցեղատեսակի շների համար 77գ 024973,,,,,,,,,,,"350,00"
Տ 18,,Ծամելու սնեկ DENT հորթի մսով խոշոր տեսակի շների համար 20գ 014592,,,,,,,,,,,"400,00"
Տ11,,Ծամելու սնեկ DENT յոգուրտով փոքր և միջին տեսակի շան ձագերի համար 40գ 014493,,,,,,,,,,,"220,00"
Տ 16,,Ծամելու սնեկ DENT նապաստակի մսով միջին շների համար 50գ 001011,,,,,,,,,,,"300,00"
Տ 210,,Ծամելու սնեկ DENT պանրի համով փոքր շների համար 40գ 004647,,,,,,,,,,,"200,00"
Տ 17,,Ծամելու սնեկ DENT սաղմոնով փոքր տեսակի շների համար 40գ 014554,,,,,,,,,,,"250,00"
Տ 209,,Ծամելու սնեկ DENT տավարի լյարդի համով փոքր շների համար 40գ 004654,,,,,,,,,,,"200,00"
Տ 207,,Ծամելու սնեկ DENT տավարի համով փոքր ցեղատեսակի շների համար 20գ 026137,,,,,,,,,,,"150,00"
Տ 206,,Ծամելու սնեկ DENT տավարի համով փոքր ցեղատեսակի շների համար 35գ 000953,,,,,,,,,,,"200,00"
Տ 204,,Ծամելու սնեկ DENT փոքր ցեղատեսակի շների համար տավարի համով 63գ 023693,,,,,,,,,,,"340,00"
Տ28,,Կալյարի 20 գր 018941,,,,,,,,,,,"150,00"
Տ13,,Կալյարի 350գր 025543,,,,,,,,,,,"1 550,00"
Տ15,,Կալյարի 50գր  023679,,,,,,,,,,,"350,00"
Տ116,,Կոլոլակ 70գր 019153,,,,,,,,,,,"470,00"
Տ89,,Կրեկեռ բադի 100գր 013830,,,,,,,,,,,"260,00"
Տ90,,Կրեկեռ բադի 250գր  013847,,,,,,,,,,,"490,00"
Տ91,,Կրեկեռ գառի 100գր 013854,,,,,,,,,,,"260,00"
Տ92,,Կրեկեռ գառի 250գր 013861,,,,,,,,,,,"490,00"
Տ196,,Կրենդելկի 025116 500գր,,,,,,,,,,,"1 150,00"
Տ 231,,Հավի ոտքեր Ոսկե հավաքածու 55գ 026410,,,,,,,,,,,"450,00"
Տ197,,Հորթի կտորներ 300գր 024294,,,,,,,,,,,"1 650,00"
Տ 237,,Հորթի ֆրիկասե շների համար Ոսկե հավաքածու 70գ 018552,,,,,,,,,,,"500,00"
Տ200,,"Ձողիկներ բադի, բոլոր շների համար 250գր 024287",,,,,,,,,,,"1 630,00"
Տ 228,,Մսային մարմելադ հնդկահավով 120գ 026205,,,,,,,,,,,"500,00"
Տ 230,,Մսային մարմելադ հորթի մսով 120գ 026212,,,,,,,,,,,"500,00"
Տ 229,,Մսային մարմելադ նապաստակով 120գ 026229,,,,,,,,,,,"500,00"
Տ 227,,Մսային մարմելադի տեսականի 120գ 025901,,,,,,,,,,,"500,00"
Տ195,,Նրբերշիկ Миланский 024324 370գր,,,,,,,,,,,"1 550,00"
Տ 225,,Նրբերշիկ Կաբանոս շների համար բադով 80գ 026175,,,,,,,,,,,"650,00"
Տ 222,,Նրբերշիկ Կաբանոս շների համար գառան մսով 120գ 026182,,,,,,,,,,,"650,00"
Տ 224,,Նրբերշիկ Կաբանոս շների համար հնդկահավով 120գ 026199,,,,,,,,,,,"650,00"
Տ 223,,Նրբերշիկ Կաբանոս շների համար տավարի մսով 80գ 026168,,,,,,,,,,,"650,00"
Տ39,,Շոտլանդական 021736,,,,,,,,,,,"200,00"
Տ78,,Ոչխարի սմբակներ 2  1242,,,,,,,,,,,"1 510,00"
Տ40,,Ոսկորիկներ գառի 012918,,,,,,,,,,,"570,00"
Տ44,,Ոսկորիկներ հնդկահավ և գառ 145գր 012895,,,,,,,,,,,"570,00"
Տ43,,Ոսկորիկներ հնդկահավ և կաթնաշոռ 012901,,,,,,,,,,,"570,00"
Տ42,,Ոսկորիկներ տավար և պանիր 012864,,,,,,,,,,,"570,00"
Տ41,,Ոսկորիկներ տավարի 12857,,,,,,,,,,,"570,00"
Տ71,,Պաստիլա 130գր 025369,,,,,,,,,,,"630,00"
Տ70,,Պաստիլա 130գր 025376,,,,,,,,,,,"630,00"
Տ88,,Պաստիլա 130գր 025383,,,,,,,,,,,"630,00"
Տ08,,Պարմսկայա 120գր 023686,,,,,,,,,,,"600,00"
Տ07,,Պարմսկայա 350գր 024331,,,,,,,,,,,"1 530,00"
Տ135,,Պարմսկայա 80գր 018651,,,,,,,,,,,"450,00"
Տ29,,Պիկանտ 80գր 018699,,,,,,,,,,,"400,00"
Տ33,,Պոսոլսկիյե 021705,,,,,,,,,,,"200,00"
Տ 65,,Պրոֆեսիոնալ համովիկ Dental+Սնեկ գառի մսով միջին ցեղատեսակի շան ձագերի համար 50գ,,,,,,,,,,,"260,00"
Տ 202,,Պրոֆիլակտիկ համովիկ DENTAL 3-ը 1-ում անանուխով փոքր և միջին ցեղատեսակի շների համար 110գ 025833,,,,,,,,,,,"460,00"
Տ 203,,Պրոֆիլակտիկ համովիկ DENTAL 3-ը 1-ում չիչխանով խոշոր ցեղատեսակի շների համար 95գ 025864,,,,,,,,,,,"420,00"
Տ35,,Սերուցքային 021729,,,,,,,,,,,"150,00"
Տ34,,Սիբիրսկիյե 021712,,,,,,,,,,,"150,00"
Տ38,,Սմբակ գառի XL 3265,,,,,,,,,,,"2 000,00"
Տ 236,,Սնեկներ բադի մսով բոլոր ցեղատեսակների շներին վարժեցնելու համար 100գ 025703,,,,,,,,,,,"620,00"
Տ 233,,Սնեկներ հնդկահավի մսով բոլոր ցեղատեսակների շներին վարժեցնելու համար 100գ 025697,,,,,,,,,,,"620,00"
Տ 235,,Սնեկներ հորթի մսով բոլոր ցեղատեսակների շներին վարժեցնելու համար 100գ 025710,,,,,,,,,,,"620,00"
Տ 234,,Սնեկներ նապաստակի մսով բոլոր ցեղատեսակների շներին վարժեցնելու համար 100գ 025680,,,,,,,,,,,"620,00"
Տ240,,Տ240 Колбаски для кошек Двойное удовольствие с цыпленком и печенью 45 г 026373,,,,,,,,,,,"450,00"
Տ198,,Տավարի ժապավեններ 300գր 024300,,,,,,,,,,,"1 630,00"
Տ 226,,Տավարի ոսկորներ փոքր ցեղատեսակի շների համար 100գ 024652,,,,,,,,,,,"910,00"
Տ155,,Տավարի սմբակներ 1100գր 319434,,,,,,,,,,,"4 000,00"
Տ156,,Տավարի սմբակներ 1907,,,,,,,,,,,"1 200,00"
Տ68,,Տավարի սմբակներ 319410,,,,,,,,,,,"3 390,00"
Տ 201,,Տավարի Ստրոգանոֆ բոլոր ցեղատեսակների շների համար 310գ 025536,,,,,,,,,,,"1 650,00"
Տ136,,Տոնական 80գր 018040,,,,,,,,,,,"500,00"
Տ137,,Տրադիցիոն 80գր 018675,,,,,,,,,,,"500,00"
Տ30,,Ֆերմերսկիյե 50գր 018736,,,,,,,,,,,"280,00"
Տ09,,Ֆիննական 30գր 018965,,,,,,,,,,,"250,00"
Տ102,,Ֆրեշ սնեք 005323,,,,,,,,,,,"680,00"
M. KZVS,,,,,,,,,,,,,
Կ332,,Secret Премиум 125 гр консервы для собак мелких пород с индейкой и телятиной,,,,,,,,,,,"250,00"
Կ333,,Secret Премиум 125 гр консервы для собак мелких пород суфле с телятиной,,,,,,,,,,,"250,00"
Կ334,,Secret Премиум 125 гр консервы для собак паштет с говядиной и рисом,,,,,,,,,,,"250,00"
Կ335,,Secret Премиум 125 гр консервы для собак паштет с птицей и рисом,,,,,,,,,,,"250,00"
Կ336,,Secret Премиум 125 гр консервы для собак с телятиной и овощами,,,,,,,,,,,"250,00"
Կ337,,Secret Премиум 125 гр консервы для собак с ягненком и рисом,,,,,,,,,,,"250,00"
Կ372,,Secret Премиум 125 гр պահածո շների համար պաշտետ հավի և հնդկահավի մսով,,,,,,,,,,,"250,00"
Կ371,,Secret Премиум 125 гр պահածո շների ձագերի համար մսային ասորտի,,,,,,,,,,,"250,00"
Դ280,,Везотил 100 для анестезии (порошок для инъекций+растворитель) 5мл,,,,,,,,,,,"25 000,00"
Կ447,,"Зерносмесь Секрет Натура 400 гр для хомяков ореховый микс,14шт /3757/",,,,,,,,,,,"350,00"
Կ417,,Зерносмесь Секрет Натура 500 гр для попугаев в период линьки /3634/,,,,,,,,,,,"400,00"
Կ418,,Зерносмесь Секрет Натура 500 гр для попугаев ореховый микс /3672/,,,,,,,,,,,"400,00"
Կ419,,Зерносмесь Секрет Натура 500 гр для попугаев с комплексом витаминов /3504/,,,,,,,,,,,"400,00"
Կ420,,Зерносмесь Секрет Натура 500 гр для попугаев с комплексом минералов /3641/,,,,,,,,,,,"350,00"
Կ421,,Зерносмесь Секрет Натура 500 гр для попугаев формула здоровья /3658/,,,,,,,,,,,"400,00"
Կ422,,Зерносмесь Секрет Натура 500 гр для попугаев фруктовый коктейль /3665/,,,,,,,,,,,"400,00"
Կ423,,Зерносмесь Секрет Натура Премиум 500 гр для попугаев в период линьки /6264/,,,,,,,,,,,"450,00"
Կ271,,Игрушка YUGI для собак чизбургер винил 9*5см,,,,,,,,,,,"500,00"
Դ296,,"Мазь левомеколь-Вет 100 г , 104/кор",,,,,,,,,,,"850,00"
Դ297,,Мазь Ям 90 г 30/кор,,,,,,,,,,,"1 000,00"
Կ003,,"Миска Анкур 225мл 7,5см из нержавеющей стали на резинке сердце",,,,,,,,,,,"1 100,00"
Կ004,,Миска Анкур 425мл 10см из нержавеющей стали на резинке сердце,,,,,,,,,,,"1 500,00"
Կ285,,Миска Анкур 575мл 12см из нержавеющей стали на резинке с широким ободком и вырезами в форме сердца,,,,,,,,,,,"1 700,00"
Կ005,,Миска Анкур 850мл 13см из нержавеющей стали на резинке сердце,,,,,,,,,,,"1 900,00"
Կ291,,Миска Райнтех Belly из нержавеющей стали на резинке 23 см 700мл,,,,,,,,,,,"1 350,00"
Կ292,,"Миска Райнтех Belly из нержавеющей стали на резинке 25,5см 900мл",,,,,,,,,,,"1 450,00"
Կ293,,"Миска Райнтех Belly из нержавеющей стали на резинке 29,5 см 1550мл",,,,,,,,,,,"1 950,00"
Կ294,,Миска Райнтех Belly из нержавеющей стали на резинке 33 см 2200мл,,,,,,,,,,,"2 500,00"
Կ299,,Наполнитель Силиттер древесный 5л (3кг),,,,,,,,,,,"1 000,00"
Կ300,,Наполнитель Силиттер древесный крафт-пакет 15л,,,,,,,,,,,"2 800,00"
Կ448,,Одеколон Мэн фо Сан для собак с ароматом лимона 125мл /54102MFP097/,,,,,,,,,,,"1 900,00"
Կ008,,Опилки Зверье мое классик брикет 700гр 20л,,,,,,,,,,,"800,00"
Կ442,,Подгузники YUGI для животных L /KDDL10/,,,,,,,,,,,"200,00"
Կ443,,Подгузники YUGI для животных M /KDDM10/,,,,,,,,,,,"180,00"
Կ444,,Подгузники YUGI для животных XL /KDDXL10/,,,,,,,,,,,"230,00"
Կ012,,Рыбий жир 100г,,,,,,,,,,,"400,00"
Կ413,,Секрет Премиум 125 гр консервы для щенков паштет с ягнёнком и индейкой (ламистр),,,,,,,,,,,"250,00"
Կ308,,Сено Зверье мое луговое брикет 600гр 20л,,,,,,,,,,,"950,00"
Կ309,,"Сера для животных 2,5 гр",,,,,,,,,,,"350,00"
Կ013,,Сумка-переноска LOFFEPET рюкзак с иллюминатором леопардовый 30*42*25см,,,,,,,,,,,"10 500,00"
Կ014,,"Сумка-переноска LOFFEPET рюкзак с иллюминатором розовый ""кот в очках"" 30*42*25см",,,,,,,,,,,"12 000,00"
Կ015,,Сумка-переноска LOFFEPET рюкзак с иллюминатором розовый 30*42*25см,,,,,,,,,,,"10 500,00"
Կ209,,Шампунь YUGI для кошек и котят абрикосовый джем 250мл,,,,,,,,,,,"650,00"
Կ210,,Шампунь YUGI для кошек и котят арбузный смузи 250мл,,,,,,,,,,,"650,00"
Կ211,,Шампунь YUGI для кошек и котят банановый смузи 250мл,,,,,,,,,,,"650,00"
Կ424,,Шампунь YUGI для кошек и котят гипоаллергенный 250мл,,,,,,,,,,,"800,00"
Կ212,,Шампунь YUGI для кошек и котят кокосовый рай 250мл,,,,,,,,,,,"650,00"
Կ213,,Шампунь YUGI для кошек и котят малиновый сорбет 250мл,,,,,,,,,,,"650,00"
Կ214,,Шампунь YUGI для кошек и котят розовый грейпфрут 250мл,,,,,,,,,,,"650,00"
Կ215,,Шампунь YUGI для кошек и котят сладкая дыня 250мл,,,,,,,,,,,"650,00"
Կ425,,Шампунь YUGI для кошек и котят успокаивающий 250мл,,,,,,,,,,,"800,00"
Կ426,,Шампунь YUGI для кошек и собак антипаразитарный 250мл,,,,,,,,,,,"800,00"
Կ449,,"Шампунь YUGI для кошек и собак с бензопероксидом 250мл, 15шт. в упак.",,,,,,,,,,,"1 500,00"
Կ450,,"Шампунь YUGI для кошек и собак с климбазолом 250мл, 15шт. в упак.",,,,,,,,,,,"1 500,00"
Կ451,,"Шампунь YUGI для кошек и собак с хлоргексидином 250мл, 15шт. в упак.",,,,,,,,,,,"1 500,00"
Կ109,,Шампунь YUGI для собак и щенков абрикосовый джем 250мл,,,,,,,,,,,"650,00"
Կ110,,Шампунь YUGI для собак и щенков банановый смузи 250мл,,,,,,,,,,,"650,00"
Կ111,,Шампунь YUGI для собак и щенков гипоаллергенный 250мл,,,,,,,,,,,"800,00"
Կ112,,Шампунь YUGI для собак и щенков грушевый сироп 250мл,,,,,,,,,,,"650,00"
Կ113,,Шампунь YUGI для собак и щенков кокосовый рай 250мл,,,,,,,,,,,"650,00"
Կ114,,Шампунь YUGI для собак и щенков малиновый сорбет 250мл,,,,,,,,,,,"650,00"
Կ115,,Шампунь YUGI для собак и щенков розовый грейпфрут 250мл,,,,,,,,,,,"650,00"
Կ116,,Шампунь YUGI для собак и щенков успокаивающий 250мл,,,,,,,,,,,"800,00"
Կ430,,Шампунь Мэн фо Сан для собак натуральный профессиональный с протеинами шелка и маслом аргании 300 мл,,,,,,,,,,,"3 300,00"
Կ427,,"Шампунь Мэн фо Сан натур анти-зуд с масл. чайн. дерева 1 л,15 шт /5418MFP029979/",,,,,,,,,,,"5 800,00"
Կ324,,Шампунь Мэн фо Сан натуральный лечебный заживляющий с алоэ вера 1л,,,,,,,,,,,"4 800,00"
Կ322,,Шампунь Мэн фо Сан натуральный лечебный успокаивающий с алоэ вера для собак 300 мл,,,,,,,,,,,"2 300,00"
Կ325,,"Шампунь Мэн фо Сан натуральный против перхоти, с лимоном для собак 300мл",,,,,,,,,,,"2 300,00"
Կ428,,"Шампунь Мэн фо Сан натуральный репелент. инсектиц. для собак 300мл /54101MFP082,4686/",,,,,,,,,,,"2 300,00"
Կ320,,Шампунь Мэн фо Сан натуральный репелентный инсектицидный для собак с цитронеллой 1л,,,,,,,,,,,"4 800,00"
Կ321,,"Шампунь Мэн фо Сан натуральный с чайным деревом,при раздражениях для собак 300 мл",,,,,,,,,,,"2 500,00"
Կ432,,"Шампунь Мэн фо Сан нежный для щенков с зарод. пшеницы 1 л,15 шт./5418MFP030005/",,,,,,,,,,,"4 400,00"
Կ433,,"Шампунь Мэн фо Сан нежный для щенков с зародышами пшеницы 300мл/54101MFP042,4648/",,,,,,,,,,,"2 100,00"
Կ452,,"Шампунь Мэн фо Сан от насекомых 300мл,12шт /54101MFP072/",,,,,,,,,,,"4 200,00"
Կ434,,"Шампунь Мэн фо Сан оттеночный белого цвета для собак 1 л ,15 шт /5418MFP030029/",,,,,,,,,,,"4 900,00"
Կ327,,Шампунь Мэн фо Сан оттеночный белого цвета для собак 300 мл,,,,,,,,,,,"2 200,00"
Կ435,,Шампунь Мэн фо Сан с маслом макадамии для собак 300мл /54101MFP031057,,,,,,,,,,,"2 300,00"
Կ436,,"Шампунь Мэн фо Сан с маслом норки для собак 300мл /54101MFP032,4600/",,,,,,,,,,,"2 400,00"
Կ437,,Шампунь Мэн фо Сан с экстрактом овса 300мл /54101MFP242/,,,,,,,,,,,"2 700,00"
Կ438,,"Шампунь Мэн фо Сан устраняющий запахи для собак 1 л,15 шт /5418MFP029993/",,,,,,,,,,,"5 500,00"
Կ453,,"Шампунь-пена Мэн фо Сан с алоэ вера для собак 200мл /54121MFP461,1401/",,,,,,,,,,,"3 500,00"
Կ216,,Կ216 Шампунь универсальный для собак и кошек 500мл,,,,,,,,,,,"800,00"
Կ346,,Կ346 Secret Նատուրա կերային խարնուրդ նապաստակների համար 400գր 3740,,,,,,,,,,,"350,00"
Կ347,,Կ347 Secret Նատուրա կերային խարնուրդ ծովախոզուկների համար 400գր 3733,,,,,,,,,,,"350,00"
Կ348,,Կ348 Secret Նատուրա կերային խարնուրդ ծովախոզուկների համար մրգային կոկտեյլ 400գր 3726,,,,,,,,,,,"350,00"
Կ349,,Կ349 Secret Նատուրա կերային խարնուրդ խամյակների համար մրգային կոկտեյլ 400գր 3764,,,,,,,,,,,"350,00"
Կ350,,Կ350 Secret Նատուրա Պրեմիում կերային խարնուրդ նապաստակների համար 400գր 2204,,,,,,,,,,,"400,00"
Կ351,,Կ351 Secret Նատուրա Պրեմիում կերային խարնուրդ խոշոր թութակների համար 400գր 9005,,,,,,,,,,,"750,00"
Կ352,,Կ352 Secret Նատուրա Պրեմիում կերային խարնուրդ առնետների համար 400գր 2266,,,,,,,,,,,"400,00"
Կ353,,Կ353 Secret Նատուրա Պրեմիում կերային խարնուրդ ծովախոզուկների համար 400գր 2228,,,,,,,,,,,"420,00"
Կ354,,Կ354 Secret Նատուրա Պրեմիում կերային խարնուրդ միջին թութակների համար 400գր 2181,,,,,,,,,,,"520,00"
Կ355,,Կ355 Secret Նատուրա Պրեմիում կերային խարնուրդ խամյակների համար 400գր 2280,,,,,,,,,,,"400,00"
Կ356,,Կ356 Secret Նատուրա Պրեմիում կերային խարնուրդ շինշիլաների համար 400գր 2242,,,,,,,,,,,"550,00"
Կ357,,Կ357 Secret Նատուրա Պրեմիում կերային խարնուրդ թութակների համար 500գր 2167,,,,,,,,,,,"550,00"
Կ393,,Կ393 Одеколон Мэн фо Сан для собак с ароматом ванили 125мл /54102MFP099/,,,,,,,,,,,"1 900,00"
Կ394,,Կ394 Одеколон Мэн фо Сан для собак с ароматом ванили и апельсина 125мл /54102MFP030425/,,,,,,,,,,,"2 200,00"
Կ395,,Կ395 Одеколон Мэн фо Сан для собак с ароматом детской присыпки 125мл /54102MFP030364/,,,,,,,,,,,"2 200,00"
Կ396,,Կ396 Одеколон Мэн фо Сан для собак с ароматом ежевики 125мл /54102MFP098/,,,,,,,,,,,"1 900,00"
Կ397,,Կ397 Одеколон Мэн фо Сан для собак с ароматом клубники 125мл /54102MFP092/,,,,,,,,,,,"1 900,00"
Կ398,,Կ398 Одеколон Мэн фо Сан для собак с ароматом лаванды и ромашки 125мл /54102MFP030388/,,,,,,,,,,,"2 200,00"
Կ400,,Կ400 Одеколон Мэн фо Сан для собак с ароматом персика 125мл /54102MFP095/,,,,,,,,,,,"1 900,00"
Կ401,,Կ401 Одеколон Мэн фо Сан для собак с ароматом свежести 125мл /54102MFP091/,,,,,,,,,,,"1 900,00"
Կ402,,Կ402 Одеколон Мэн фо Сан для собак с ароматом талька 125мл /54102MFP093/,,,,,,,,,,,"1 900,00"
Կ403,,Կ403 Одеколон Мэн фо Сан для собак с ароматом тропических фруктов 125мл /54102MFP030418/,,,,,,,,,,,"2 200,00"
Կ404,,Կ404 Одеколон Мэн фо Сан для собак с ароматом цветов 125мл /54102MFP030371/,,,,,,,,,,,"2 200,00"
Կ405,,Կ405 Одеколон Мэн фо Сан для собак с ароматом яблока 125мл /54102MFP094/,,,,,,,,,,,"1 900,00"
Կ406,,"Կ406 Шампунь Мэн фо Сан натуральный увлажняющий с зеленым яблоком для собак 300мл /54101MFP262,4839/",,,,,,,,,,,"2 300,00"
Կ407,,"Կ407 Шампунь Мэн фо Сан натуральный с биотином для собак 300 мл /54101MFP275,8912/",,,,,,,,,,,"2 400,00"
Կ409,,Կ409 Шампунь Мэн фо Сан устраняющий запахи для собак 300мл /54101MFP215/,,,,,,,,,,,"2 700,00"
Կ412,,"Կ412 Шампунь-кондиционер Men fo Sun с эффектом распутывания клочков для собак,флакон 300мл /54101MFP",,,,,,,,,,,"2 200,00"
Չ191,,Սիլիկագել 1.6կգ 3.8լ,,,,,,,,,,,"2 200,00"
Nunbell 2,,,,,,,,,,,,,
ԱՎ 16,,ԱՎ 16 Բենտոնիտային հիմքով կատվի ավազ 3.8 կգ VET-0391,,,,,,,,,,,"1 000,00"
ԱՎ 17,,ԱՎ 17 Բենտոնիտային հիմքով կատվի ավազ 3.8կգ VET-0392,,,,,,,,,,,"1 500,00"
1178,,Թենիսի Գնդակ 3 հատ,,,,,,,,,,,"450,00"
1210,,Խաղալիք 8-55,,,,,,,,,,,"650,00"
543,,Խաղալիք կանաչ VET-0304,,,,,,,,,,,"1 000,00"
1202,,Կատվի վզկապ 8-117,,,,,,,,,,,"400,00"
1144,,Հագուստ ուսապարկ մեծ 6-55,,,,,,,,,,,"4 700,00"
1145,,Հագուստ ուսապարկ փոքր 6-54,,,,,,,,,,,"3 300,00"
1183,,Շան Պավադոկ 6-117,,,,,,,,,,,"650,00"
1184,,Շան Պավադոկ 6-118,,,,,,,,,,,"750,00"
1508,,Շան վզկապ 1508,,,,,,,,,,,"650,00"
1281,,Շան Վզկապ 6-120,,,,,,,,,,,"850,00"
1181,,Շան ցեպ 6-151,,,,,,,,,,,"1 650,00"
Չ192,,Չ192 Կենդանիների կեղտի տոպրակ VET-0001,,,,,,,,,,,"200,00"
Չ193,,Չ193 Կենդանիների լոգանքի սանր VET-0002,,,,,,,,,,,"300,00"
Չ194,,Չ194 Կենդանիների լոգանքի սանր VET-0003,,,,,,,,,,,"500,00"
Չ195,,Չ195 Կենդանիների սանր VET-0004,,,,,,,,,,,"650,00"
Չ196,,Չ196 Կենդանիների թաթերի լվացման բաժակ VET-0005,,,,,,,,,,,"950,00"
Չ197,,Չ197 Կենդանիների թաթերի լվացման բաժակ VET-0006,,,,,,,,,,,"1 100,00"
Չ198,,Չ198 Կենդանիների թաթերի լվացման բաժակ VET-0007,,,,,,,,,,,"1 550,00"
Չ199,,Չ199 ձեռնոց VET-0008,,,,,,,,,,,"1 200,00"
Չ200,,Չ200 լոգանքի ձեռնոց VET-0009,,,,,,,,,,,"650,00"
Չ201,,Չ201 կպչուն գլանաթուղթ VET-0010,,,,,,,,,,,"550,00"
Չ202,,Չ202 կպչուն թուղթ VET-0011,,,,,,,,,,,"1 200,00"
Չ203,,Չ203 կատվի լատոկ թիակով VET-0012,,,,,,,,,,,"3 450,00"
Չ204,,Չ204 կատվի լատոկ թիակով VET-0013,,,,,,,,,,,"3 950,00"
Չ205,,Չ205 կատվի լատոկ թիակով VET-0014,,,,,,,,,,,"2 400,00"
Չ206,,Չ206 կատվի լատոկ թիակով VET-0015,,,,,,,,,,,"2 850,00"
Չ207,,Չ207 Կենդանիների խաղալիք VET-0016,,,,,,,,,,,"550,00"
Չ209,,Չ209 Գնդակ VET-0018,,,,,,,,,,,"350,00"
Չ210,,Չ210 Գնդակ VET-0019,,,,,,,,,,,"550,00"
Չ211,,Չ211 Գնդակ VET-0020,,,,,,,,,,,"350,00"
Չ212,,Չ212 Գնդակ VET-0021,,,,,,,,,,,"350,00"
Չ213,,Չ213 ոսկորի տեսքով խաղալիք VET-0022,,,,,,,,,,,"300,00"
Չ214,,Չ214 ոսկորի տեսքով խաղալիք VET-0023,,,,,,,,,,,"650,00"
Չ215,,Չ215 խաղալիք բուրգեր VET-0024,,,,,,,,,,,"300,00"
Չ216,,Չ216 խաղալիք նրբերշիկ VET-0025,,,,,,,,,,,"500,00"
Չ217,,Չ217 խաղալիք նրբերշիկներ VET-0026,,,,,,,,,,,"1 100,00"
Չ218,,Չ218 Կենդանիների խաղալիք VET-0027,,,,,,,,,,,"500,00"
Չ221,,Չ221 խաղալիք հավ VET-0030,,,,,,,,,,,"900,00"
Չ222,,Չ222 խաղալիք հավ VET-0031,,,,,,,,,,,"600,00"
Չ223,,Չ223 Կենդանիների խաղալիք VET-0032,,,,,,,,,,,"900,00"
Չ224,,Չ224 խաղալիք կարմիր հավ VET-0033,,,,,,,,,,,"800,00"
Չ225,,Չ225 Գնդակ VET-0034,,,,,,,,,,,"350,00"
Չ226,,Չ226 Գնդակ VET-0035,,,,,,,,,,,"300,00"
Չ227,,Չ227 Կենդանիների խաղալիք VET-0036,,,,,,,,,,,"400,00"
Չ228,,Չ228 Կենդանիների խաղալիք VET-0037,,,,,,,,,,,"700,00"
Չ229,,Չ229 խաղալիք գնդակ VET-0038,,,,,,,,,,,"350,00"
Չ230,,Չ230 խաղալիք ատամներ VET-0039,,,,,,,,,,,"400,00"
Չ231,,Չ231 Գնդակ VET-0040,,,,,,,,,,,"300,00"
Չ232,,Չ232 Կենդանիների խաղալիք VET-0041,,,,,,,,,,,"400,00"
Չ235,,Չ235 Կենդանիների խաղալիք VET-0044,,,,,,,,,,,"800,00"
Չ236,,Չ236 խաղալիք բադ VET-0045,,,,,,,,,,,"900,00"
Չ237,,Չ237 խաղալիք խոզ VET-0046,,,,,,,,,,,"1 800,00"
Չ238,,Չ238 խաղալիք բադ VET-0047,,,,,,,,,,,"1 350,00"
Չ239,,Չ239 Վզկապ VET-0048,,,,,,,,,,,"600,00"
Չ240,,Չ240 Վզկապ VET-0049,,,,,,,,,,,"650,00"
Չ241,,Չ241 Վզկապ VET-0050,,,,,,,,,,,"750,00"
Չ242,,Չ242 Ձգափոկ VET-0051,,,,,,,,,,,"1 450,00"
Չ243,,Չ243 Ձգափոկ VET-0052,,,,,,,,,,,"1 600,00"
Չ244,,Չ244 Ձգափոկ VET-0053,,,,,,,,,,,"1 600,00"
Չ245,,Չ245 մետաղական վզկապ VET-0054,,,,,,,,,,,"700,00"
Չ246,,Չ246 մետաղական շղթայով ձգափոկ VET-0055,,,,,,,,,,,"1 100,00"
Չ247,,Չ247 մետաղական շղթայով ձգափոկ VET-0056,,,,,,,,,,,"1 250,00"
Չ248,,Չ248 մետաղական շղթայով ձգափոկ VET-0057,,,,,,,,,,,"1 350,00"
Չ249,,Չ249 մետաղական շղթայով ձգափոկ VET-0058,,,,,,,,,,,"1 500,00"
Չ250,,Չ250 մետաղական շղթայով ձգափոկ VET-0059,,,,,,,,,,,"1 600,00"
Չ251,,Չ251 կերաման VET-0060,,,,,,,,,,,"300,00"
Չ252,,Չ252 կերաման VET-0061,,,,,,,,,,,"450,00"
Չ253,,Չ253 կերաման VET-0062,,,,,,,,,,,"650,00"
Չ254,,Չ254 կերաման VET-0063,,,,,,,,,,,"800,00"
Չ255,,Չ255 կերաման VET-0064,,,,,,,,,,,"1 000,00"
Չ256,,Չ256 կերաման VET-0065,,,,,,,,,,,"1 300,00"
Չ257,,Չ257 կերաման VET-0066,,,,,,,,,,,"1 800,00"
Չ258,,Չ258 կերաման VET-0067,,,,,,,,,,,"2 300,00"
Չ259,,Չ259 կերաման VET-0068,,,,,,,,,,,"650,00"
Չ260,,Չ260 փոխադրման պայուսակ VET-0069,,,,,,,,,,,"3 700,00"
Չ261,,Չ261 փոխադրման պայուսակ VET-0070,,,,,,,,,,,"4 050,00"
Չ262,,Չ262 փոխադրման պայուսակ VET-0071,,,,,,,,,,,"4 000,00"
Չ263,,Չ263 փոխադրման պայուսակ VET-0072,,,,,,,,,,,"3 700,00"
Չ264,,Չ264 փոխադրման պայուսակ VET-0073,,,,,,,,,,,"4 050,00"
Չ265,,Չ265 փոխադրման պայուսակ VET-0074,,,,,,,,,,,"4 350,00"
Չ266,,Չ266 փոխադրման պայուսակ VET-0075,,,,,,,,,,,"3 700,00"
Չ267,,Չ267 փոխադրման պայուսակ VET-0076,,,,,,,,,,,"4 050,00"
Չ268,,Չ268 փոխադրման պայուսակ VET-0077,,,,,,,,,,,"4 350,00"
Չ269,,Չ269 փոխադրման պայուսակ VET-0078,,,,,,,,,,,"7 250,00"
Չ270,,Չ270 փոխադրման պայուսակ VET-0079,,,,,,,,,,,"7 250,00"
Չ271,,Չ271 կապար VET-0080,,,,,,,,,,,"2 050,00"
Չ272,,Չ272 կապար VET-0081,,,,,,,,,,,"1 700,00"
Չ273,,Չ273 կապար VET-0082,,,,,,,,,,,"2 200,00"
Չ274,,Չ274 Վզկապ VET-0083,,,,,,,,,,,"500,00"
Չ275,,Չ275 Վզկապ VET-0085,,,,,,,,,,,"550,00"
Չ276,,Չ276 Վզկապ VET-0086,,,,,,,,,,,"650,00"
Չ277,,Չ277 Վզկապ VET-0087,,,,,,,,,,,"800,00"
Չ278,,Չ278 Վզկապ VET-0088,,,,,,,,,,,"800,00"
Չ279,,Չ279 փոխադրման վանդակ VET-0089,,,,,,,,,,,"7 500,00"
Չ280,,Չ280 փոխադրման վանդակ VET-0090,,,,,,,,,,,"9 000,00"
Չ281,,Չ281 փոխադրման վանդակ VET-0091,,,,,,,,,,,"24 620,00"
Չ282,,Չ282 փոխադրման վանդակ VET-0092,,,,,,,,,,,"31 990,00"
Չ283,,Չ283 փոխադրման վանդակ VET-0093,,,,,,,,,,,"39 950,00"
Չ284,,Չ284 փոխադրման վանդակ VET-0094,,,,,,,,,,,"44 000,00"
Չ285,,Չ285 փոխադրման վանդակ VET-0095,,,,,,,,,,,"64 000,00"
Չ286,,Չ286 Կենդանիների սանր VET-0096,,,,,,,,,,,"550,00"
Չ287,,Չ287 Կենդանիների սանր VET-0097,,,,,,,,,,,"450,00"
Չ288,,Չ288 Կենդանիների սանր VET-0098,,,,,,,,,,,"500,00"
Չ289,,Չ289 Կենդանիների սանր VET-0099,,,,,,,,,,,"550,00"
Չ290,,Չ290 Կենդանիների սանր VET-0100,,,,,,,,,,,"300,00"
Չ291,,Չ291 Կենդանիների սանր VET-0101,,,,,,,,,,,"350,00"
Չ292,,Չ292 Կենդանիների սանր VET-0102,,,,,,,,,,,"500,00"
Չ293,,Չ293 Կենդանիների սանր VET-0103,,,,,,,,,,,"600,00"
Չ294,,Չ294 Կենդանիների սանր VET-0104,,,,,,,,,,,"800,00"
Չ295,,Չ295 Կենդանիների սանր VET-0105,,,,,,,,,,,"700,00"
Չ296,,Չ296 Կենդանիների սանր VET-0106,,,,,,,,,,,"850,00"
Չ297,,Չ297 Կենդանիների սանր VET-0107,,,,,,,,,,,"1 000,00"
Չ298,,Չ298 Կենդանիների սանր VET-0108,,,,,,,,,,,"650,00"
Չ299,,Չ299 Կենդանիների սանր VET-0109,,,,,,,,,,,"1 750,00"
Չ300,,Չ300 Մկրատ VET-0110,,,,,,,,,,,"600,00"
Չ301,,Չ301 Մկրատ VET-0111,,,,,,,,,,,"800,00"
Չ302,,Չ302 Մկրատ VET-0112,,,,,,,,,,,"700,00"
Չ303,,Չ303 Գնդակ VET-0017,,,,,,,,,,,"300,00"
Չ304,,Չ304 խաղալիք ոզնի VET-0028,,,,,,,,,,,"450,00"
Չ305,,Չ305 խաղալիք հավ VET-0029,,,,,,,,,,,"900,00"
Չ306,,Չ306 Կենդանիների խաղալիք VET-0042,,,,,,,,,,,"500,00"
Չ307,,Չ307 Կենդանիների խաղալիք VET-0043,,,,,,,,,,,"600,00"
Չ308,,Չ308 կենդանիների խաղալիք VET-0114,,,,,,,,,,,"350,00"
Չ309,,Չ309 կենդանիներ խաղալիք ոսկորի տեսքով VET-0116,,,,,,,,,,,"550,00"
Չ310,,Չ310 խաղալիք թելով գնդակ VET-0117,,,,,,,,,,,"900,00"
Չ311,,Չ311 խաղալիք թելով գնդակ VET-0119,,,,,,,,,,,"900,00"
Չ312,,Չ312 խաղալիք թելով գնդակ VET-0120,,,,,,,,,,,"1 100,00"
Չ313,,Չ313 խաղալիք թելից կապ VET-0121,,,,,,,,,,,"550,00"
Չ314,,Չ314 խաղալիք թելից կապ VET-0122,,,,,,,,,,,"700,00"
Չ315,,Չ315 կենդանիների սանր սեղմովի VET-0124,,,,,,,,,,,"1 350,00"
Չ316,,Չ316 կենդանիների սանր VET-0125,,,,,,,,,,,"800,00"
Չ317,,Չ317 կենդանիների սանր VET-0126,,,,,,,,,,,"900,00"
Չ318,,Չ318 կենդանիների սանր VET-0127,,,,,,,,,,,"1 000,00"
Չ319,,Չ319 կենդանիների սանր VET-0128,,,,,,,,,,,"900,00"
Չ320,,Չ320 կենդանիների սանր VET-0129,,,,,,,,,,,"1 000,00"
Չ321,,Չ321 կենդանիների սանր VET-0130,,,,,,,,,,,"900,00"
Չ322,,Չ322 կենդանիների սանր VET-0131,,,,,,,,,,,"1 100,00"
Չ323,,Չ323 կենդանիների սանր VET-0132,,,,,,,,,,,"900,00"
Չ324,,Չ324 կենդանիների սանր սեղմովի VET-0133,,,,,,,,,,,"700,00"
Չ325,,Չ325 կենդանիների սանր սեղմովի VET-0134,,,,,,,,,,,"1 000,00"
Չ326,,Չ326 կենդանիների սանր սեղմովի VET-0135,,,,,,,,,,,"2 000,00"
Չ327,,Չ327 կենդանիների սանր VET-0136,,,,,,,,,,,"800,00"
Չ328,,Չ328 կենդանիների սանր VET-0137,,,,,,,,,,,"800,00"
Չ329,,Չ329 կենդանիների սանր սեղմովի VET-0138,,,,,,,,,,,"800,00"
Չ330,,Չ330 կենդանիների սանր սեղմովի VET-0139,,,,,,,,,,,"800,00"
Չ331,,Չ331 կենդանիների սանր VET-0140,,,,,,,,,,,"900,00"
Չ332,,Չ332 կենդանիների սանր VET-0141,,,,,,,,,,,"1 100,00"
Չ333,,Չ333 կենդանիների եղունգկտրիչ VET-0142,,,,,,,,,,,"350,00"
Չ334,,Չ334 կենդանիների եղունգկտրիչ VET-0143,,,,,,,,,,,"700,00"
Չ335,,Չ335 կենդանիների եղունգկտրիչ VET-0144,,,,,,,,,,,"700,00"
Չ336,,Չ336 կենդանիների եղունգկտրիչ VET-0145,,,,,,,,,,,"550,00"
Չ337,,Չ337 կենդանիների եղունգկտրիչ VET-0146,,,,,,,,,,,"700,00"
Չ338,,Չ338 կենդանիների եղունգկտրիչ VET-0147,,,,,,,,,,,"1 000,00"
Չ339,,Չ339 տզերի հեռացման աքսեսուար VET-0148,,,,,,,,,,,"250,00"
Չ340,,Չ340 կենդանիների մազերը կտրելու էլ սարք VET-0149,,,,,,,,,,,"3 300,00"
Չ341,,Չ341 ձգափոկ հավաքվող VET-0151,,,,,,,,,,,"2 200,00"
Չ342,,Չ342 վզկապ VET-0152,,,,,,,,,,,"450,00"
Չ343,,Չ343 վզկապ VET-0153,,,,,,,,,,,"550,00"
Չ344,,Չ344 վզկապ VET-0154,,,,,,,,,,,"650,00"
Չ345,,Չ345 վզկապ VET-0155,,,,,,,,,,,"450,00"
Չ346,,Չ346 վզկապ VET-0156,,,,,,,,,,,"550,00"
Չ347,,Չ347 վզկապ VET-0157,,,,,,,,,,,"550,00"
Չ348,,Չ348 ձգափոկ VET-0158,,,,,,,,,,,"450,00"
Չ349,,Չ349 ձգափոկ VET-0159,,,,,,,,,,,"550,00"
Չ350,,Չ350 վզկապ VET-0160,,,,,,,,,,,"350,00"
Չ351,,Չ351 վզկապ VET-0161,,,,,,,,,,,"350,00"
Չ352,,Չ352 վզկապ VET-0162,,,,,,,,,,,"550,00"
Չ353,,Չ353 վզկապ VET-0163,,,,,,,,,,,"550,00"
Չ354,,Չ354 վզկապ VET-0164,,,,,,,,,,,"250,00"
Չ355,,Չ355 վզկապ VET-0165,,,,,,,,,,,"250,00"
Չ356,,Չ356 վզկապ VET-0166,,,,,,,,,,,"350,00"
Չ357,,Չ357 վզկապ VET-0167,,,,,,,,,,,"350,00"
Չ358,,Չ358 ձգափոկ VET-0168,,,,,,,,,,,"350,00"
Չ359,,Չ359 ձգափոկ VET-0169,,,,,,,,,,,"350,00"
Չ360,,Չ360 մազերից մաքրող սարք VET-0170,,,,,,,,,,,"450,00"
Չ361,,Չ361 մազերից մաքրող սարք VET-0171,,,,,,,,,,,"900,00"
Չ362,,Չ362 մազերից մաքրող սարք VET-0172,,,,,,,,,,,"450,00"
Չ363,,Չ363 կեղտը հավաքելու աքսեսուար VET-0173,,,,,,,,,,,"1 450,00"
Չ364,,Չ364 կեղտը հավաքելու աքսեսուար VET-0174,,,,,,,,,,,"2 200,00"
Չ365,,Չ365 կենդանիների ատամի մածուկ 95գ VET-0175,,,,,,,,,,,"800,00"
Չ366,,Չ366 կենդանիների ատամի խոզանակ VET-0176,,,,,,,,,,,"350,00"
Չ367,,Չ367 կենդանիների ատամի խոզանակ VET-0177,,,,,,,,,,,"350,00"
Չ368,,Չ368 կենդանիների սանր VET-0178,,,,,,,,,,,"700,00"
Չ369,,Չ369 կենդանիների սանր VET-0179,,,,,,,,,,,"350,00"
Չ370,,Չ370 թաց անձեռոցիկ VET-0180,,,,,,,,,,,"250,00"
Չ371,,Չ371 թաց անձեռոցիկ VET-0181,,,,,,,,,,,"450,00"
Չ372,,Չ372 տակդիր 20 հատ 45X60 VET-0182,,,,,,,,,,,"1 350,00"
Չ373,,Չ373 տակդիր 10 հատ 60X60 VET-0183,,,,,,,,,,,"700,00"
Չ374,,Չ374 տակդիր 10 հատ 60x90 VET-0184,,,,,,,,,,,"1 100,00"
Չ375,,Չ375 տակդիր 50 հատ 45x60 VET-0185,,,,,,,,,,,"2 200,00"
Չ376,,Չ376 տակդիր 50հատ 60x60 VET-0186,,,,,,,,,,,"3 300,00"
Չ377,,Չ377 տակդիր 50հատ 60x90 VET-0187,,,,,,,,,,,"4 400,00"
Չ378,,Չ378 տակդիր արական 10 հատ XS VET-0188,,,,,,,,,,,"1 100,00"
Չ379,,Չ379 տակդիր արական 10 հատ S չափ VET-0189,,,,,,,,,,,"1 100,00"
Չ380,,Չ380 տակդիր արական 10 հատ M չափ VET-0190,,,,,,,,,,,"1 100,00"
Չ381,,Չ381 տակդիր արական 10 հատ L չափ VET-0191,,,,,,,,,,,"1 100,00"
Չ382,,Չ382 տակդիր իգական 10 հատ XS չափ VET-0192,,,,,,,,,,,"1 100,00"
Չ383,,Չ383 տակդիր իգական 10 հատ S չափ VET-0193,,,,,,,,,,,"1 200,00"
Չ384,,Չ384 տակդիր իգական 10 հատ M չափ VET-0194,,,,,,,,,,,"1 350,00"
Չ385,,Չ385 տակդիր իգական 10 հատ L չափ VET-0195,,,,,,,,,,,"1 550,00"
Չ386,,Չ386 տակդիր իգական 10 հատ XL չափ VET-0196,,,,,,,,,,,"1 650,00"
Չ387,,Չ387 ծալվող կերաման VET-0197,,,,,,,,,,,"550,00"
Չ388,,Չ388 ծալվող կերաման VET-0198,,,,,,,,,,,"800,00"
Չ389,,Չ389 կերակրման աքսեսուար VET-0199,,,,,,,,,,,"550,00"
Չ390,,Չ390 կերակրման աքսեսուար VET-0200,,,,,,,,,,,"350,00"
Չ391,,Չ391 կերաման VET-0201,,,,,,,,,,,"450,00"
Չ392,,Չ392 կերաման VET-0202,,,,,,,,,,,"550,00"
Չ393,,Չ393 կերաման VET-0203,,,,,,,,,,,"700,00"
Չ394,,Չ394 կերաման լաբիրինտ VET-0204,,,,,,,,,,,"550,00"
Չ395,,Չ395 կերաման լաբիրինտ VET-0205,,,,,,,,,,,"550,00"
Չ396,,Չ396 կերաման VET-0206,,,,,,,,,,,"800,00"
Չ397,,Չ397 կերաման VET-0207,,,,,,,,,,,"800,00"
Չ398,,Չ398 կերաման VET-0208,,,,,,,,,,,"250,00"
Չ399,,Չ399 կերաման VET-0209,,,,,,,,,,,"350,00"
Չ400,,Չ400 կերաման VET-0210,,,,,,,,,,,"450,00"
Չ401,,Չ401 մետաղական կերաման VET-0211,,,,,,,,,,,"1 450,00"
Չ402,,Չ402 մետաղական կերաման VET-0212,,,,,,,,,,,"1 450,00"
Չ403,,Չ403 մետաղական կերաման VET-0213,,,,,,,,,,,"2 200,00"
Չ404,,Չ404 մետաղական կերաման VET-0214,,,,,,,,,,,"2 200,00"
Չ405,,Չ405 մետաղական կերաման VET-0215,,,,,,,,,,,"2 200,00"
Չ406,,Չ406 մետաղական կերաման VET-0216,,,,,,,,,,,"2 200,00"
Չ407,,Չ407 մետաղական կերաման VET-0217,,,,,,,,,,,"4 400,00"
Չ408,,Չ408 մետաղական կերաման VET-0218,,,,,,,,,,,"4 400,00"
Չ409,,Չ409 մետաղական կերաման VET-0219,,,,,,,,,,,"5 500,00"
Չ410,,Չ410 մետաղական կերաման VET-0220,,,,,,,,,,,"6 550,00"
Չ411,,Չ411 մետաղական կերաման VET-0221,,,,,,,,,,,"8 200,00"
Չ412,,Չ412 պլաստիկե կերաման VET-0226,,,,,,,,,,,"650,00"
Չ413,,Չ413 պլաստիկե կերաման VET-0227,,,,,,,,,,,"650,00"
Չ414,,Չ414 պլաստիկե կերաման VET-0228,,,,,,,,,,,"650,00"
Չ415,,Չ415 պլաստիկե կերաման VET-0229,,,,,,,,,,,"650,00"
Չ416,,Չ416 պլաստիկե կերաման VET-0234,,,,,,,,,,,"900,00"
Չ417,,Չ417 պլաստիկե կերաման VET-0235,,,,,,,,,,,"900,00"
Չ418,,Չ418 պլաստիկե կերաման VET-0236,,,,,,,,,,,"900,00"
Չ419,,Չ419 պլաստիկե կերաման VET-0237,,,,,,,,,,,"900,00"
Չ422,,Չ422 պլաստիկե կերաման VET-0240,,,,,,,,,,,"1 450,00"
Չ423,,Չ423 պլաստիկե կերաման VET-0241,,,,,,,,,,,"1 450,00"
Չ424,,Չ424 պլաստիկե կերաման VET-0242,,,,,,,,,,,"900,00"
Չ425,,Չ425 մետաղական շղթա VET-0245,,,,,,,,,,,"550,00"
Չ426,,Չ426 մետաղական ձգափոկ VET-0246,,,,,,,,,,,"900,00"
Չ427,,Չ427 մետաղական ձգափոկ VET-0247,,,,,,,,,,,"1 100,00"
Չ428,,Չ428 շլեյկա VET-0248,,,,,,,,,,,"2 200,00"
Չ429,,Չ429 մետաղական շղթա VET-0249,,,,,,,,,,,"1 350,00"
Չ430,,Չ430 մետաղական շղթա VET-0250,,,,,,,,,,,"1 650,00"
Չ431,,Չ431 մետաղական ձգափոկ VET-0251,,,,,,,,,,,"1 000,00"
Չ432,,Չ432 մետաղական ձգափոկ VET-0252,,,,,,,,,,,"1 100,00"
Չ433,,Չ433 մետաղական ձգափոկ VET-0253,,,,,,,,,,,"1 450,00"
Չ434,,Չ434 մետաղական ձգափոկ VET-0255,,,,,,,,,,,"1 350,00"
Չ435,,Չ435 մետաղական ձգափոկ VET-0256,,,,,,,,,,,"1 350,00"
Չ436,,Չ436 մետաղական ձգափոկ VET-0257,,,,,,,,,,,"1 450,00"
Չ437,,Չ437 մետաղական ձգափոկ VET-0258,,,,,,,,,,,"1 650,00"
Չ438,,Չ438 մետաղական ձգափոկ VET-0259,,,,,,,,,,,"1 350,00"
Չ439,,Չ439 մետաղական ձգափոկ VET-0260,,,,,,,,,,,"1 450,00"
Չ440,,Չ440 մետաղական ձգափոկ VET-0261,,,,,,,,,,,"1 350,00"
Չ441,,Չ441 մետաղական ձգափոկ VET-0262,,,,,,,,,,,"1 450,00"
Չ442,,Չ442 մետաղական ձգափոկ VET-0263,,,,,,,,,,,"1 750,00"
Չ443,,Չ443 մետաղական ձգափոկ VET-0264,,,,,,,,,,,"5 500,00"
Չ444,,Չ444 մետաղական ձգափոկ VET-0266,,,,,,,,,,,"8 750,00"
Չ445,,Չ445 դնչկալ S VET-0267,,,,,,,,,,,"450,00"
Չ446,,Չ446 դնչկալ S VET-0268,,,,,,,,,,,"450,00"
Չ447,,Չ447 դնչկալ S VET-0269,,,,,,,,,,,"450,00"
Չ448,,Չ448 դնչկալ M VET-0270,,,,,,,,,,,"550,00"
Չ449,,Չ449 դնչկալ M VET-0271,,,,,,,,,,,"550,00"
Չ450,,Չ450 դնչկալ M VET-0272,,,,,,,,,,,"550,00"
Չ451,,Չ451 դնչկալ L VET-0275,,,,,,,,,,,"700,00"
Չ452,,Չ452 դնչկալ XL VET-0277,,,,,,,,,,,"700,00"
Չ453,,Չ453 դնչկալ XL VET-0278,,,,,,,,,,,"700,00"
Չ454,,Չ454 դնչկալ XXL VET-0280,,,,,,,,,,,"700,00"
Չ455,,Չ455 դնչկալ XXL VET-0281,,,,,,,,,,,"700,00"
Չ456,,Չ456 դնչկալ VET-0282,,,,,,,,,,,"1 100,00"
Չ457,,Չ457 դնչկալ VET-0284,,,,,,,,,,,"2 100,00"
Չ458,,Չ458 դնչկալ VET-0285,,,,,,,,,,,"2 300,00"
Չ459,,Չ459 դնչկալ VET-0286,,,,,,,,,,,"2 650,00"
Չ460,,Չ460 փոխադրման պայուսակ կարմիր VET-0287,,,,,,,,,,,"6 900,00"
Չ461,,Չ461 փոխադրման պայուսակ VET-0288,,,,,,,,,,,"6 900,00"
Չ462,,Չ462 կենդանիների տնակ VET-0289,,,,,,,,,,,"39 000,00"
Չ463,,Չ463 փոխադրման պայուսակ VET-0290,,,,,,,,,,,"6 550,00"
Չ464,,Չ464 խաղալիք VET-0291,,,,,,,,,,,"550,00"
Չ465,,Չ465 խաղալիք VET-0292,,,,,,,,,,,"800,00"
Չ466,,Չ466 խաղալիք VET-0293,,,,,,,,,,,"1 450,00"
Չ467,,Չ467 խաղալիք VET-0294,,,,,,,,,,,"900,00"
Չ468,,Չ468 խաղալիք VET-0295,,,,,,,,,,,"900,00"
Չ469,,Չ469 խաղալիք VET-0296,,,,,,,,,,,"3 300,00"
Չ470,,Չ470 խաղալիք VET-0297,,,,,,,,,,,"3 300,00"
Չ471,,Չ471 Կենդանիների խաղալիք VET-0298,,,,,,,,,,,"1 200,00"
Չ472,,Չ472 Կենդանիների խաղալիք VET-0299,,,,,,,,,,,"1 450,00"
Չ473,,Չ473 խաղալիք գնդակ VET-0301,,,,,,,,,,,"900,00"
Չ474,,Չ474 խաղալիք գնդակ VET-0303,,,,,,,,,,,"1 000,00"
Չ475,,Չ475 Կենդանիների խաղալիք VET-0305,,,,,,,,,,,"1 100,00"
Չ476,,Չ476 Կենդանիների խաղալիք VET-0306,,,,,,,,,,,"1 350,00"
Չ477,,Չ477 Կենդանիների խաղալիք կանաչ փոքր VET-0310,,,,,,,,,,,"1 100,00"
Չ478,,Չ478 Կենդանիների խաղալիք գազարագույն փոքր VET-0311,,,,,,,,,,,"1 100,00"
Չ479,,Չ479 Կենդանիների խաղալիք կանաչ մեծ VET-0312,,,,,,,,,,,"1 300,00"
Չ480,,Չ480 Կենդանիների խաղալիք գազարագույն մեծ VET-0313,,,,,,,,,,,"1 300,00"
Չ481,,Չ481 Կենդանիների խաղալիք VET-0314,,,,,,,,,,,"550,00"
Չ482,,Չ482 Կենդանիների խաղալիք VET-0315,,,,,,,,,,,"350,00"
Չ483,,Չ483 Կենդանիների խաղալիք VET-0316,,,,,,,,,,,"550,00"
Չ484,,Չ484 Կենդանիների խաղալիք VET-0319,,,,,,,,,,,"700,00"
Չ485,,Չ485 Կենդանիների խաղալիք VET-0320,,,,,,,,,,,"800,00"
Չ486,,Չ486 Կենդանիների խաղալիք VET-0321,,,,,,,,,,,"450,00"
Չ487,,Չ487 Կենդանիների խաղալիք VET-0323,,,,,,,,,,,"350,00"
Չ488,,Չ488 Կենդանիների խաղալիք VET-0327,,,,,,,,,,,"700,00"
Չ489,,Չ489 խաղալիք հավ VET-0328,,,,,,,,,,,"550,00"
Չ490,,Չ490 փոքր փայտե կատուների խաղալիք VET-0329,,,,,,,,,,,"2 200,00"
Չ491,,Չ491 փոքր փայտե կատուների խաղալիք VET-0330,,,,,,,,,,,"2 800,00"
Չ492,,Չ492 փոքր փայտե կատուների խաղալիք VET-0331,,,,,,,,,,,"3 300,00"
Չ493,,Չ493 փոքր փայտե կատուների խաղալիք VET-0332,,,,,,,,,,,"2 200,00"
Չ494,,Չ494 փոքր փայտե կատուների խաղալիք VET-0333,,,,,,,,,,,"2 200,00"
Չ495,,Չ495 փոքր փայտե կատուների խաղալիք VET-0334,,,,,,,,,,,"2 200,00"
Չ496,,Չ496 փոքր փայտե կատուների խաղալիք VET-0335,,,,,,,,,,,"2 800,00"
Չ497,,Չ497 փոքր փայտե կատուների խաղալիք VET-0336,,,,,,,,,,,"4 400,00"
Չ498,,Չ498 փոքր փայտե կատուների խաղալիք VET-0337,,,,,,,,,,,"19 650,00"
Չ499,,Չ499 փոքր փայտե կատուների խաղալիք VET-0338,,,,,,,,,,,"24 000,00"
Չ500,,Չ500 փոքր փայտե կատուների խաղալիք VET-0339,,,,,,,,,,,"24 000,00"
Չ501,,Չ501 փոքր փայտե կատուների խաղալիք VET-0340,,,,,,,,,,,"34 900,00"
Չ502,,Չ502 փոքր փայտե կատուների խաղալիք VET-0341,,,,,,,,,,,"34 900,00"
Չ503,,Չ503 կատվի լատոկ թիակով VET-0342,,,,,,,,,,,"2 000,00"
Չ504,,Չ504 կատվի լատոկ թիակով VET-0343,,,,,,,,,,,"3 600,00"
Չ505,,Չ505 Կենդանիների խաղալիք VET-0345,,,,,,,,,,,"450,00"
Չ506,,Չ506 Կենդանիների խաղալիք VET-0346,,,,,,,,,,,"450,00"
Չ507,,Չ507 Կենդանիների խաղալիք VET-0347,,,,,,,,,,,"450,00"
Չ508,,Չ508 խաղալիք VET-0348,,,,,,,,,,,"250,00"
Չ509,,Չ509 խաղալիք VET-0349,,,,,,,,,,,"250,00"
Չ510,,Չ510 Կենդանիների խաղալիք VET-0350,,,,,,,,,,,"250,00"
Չ511,,Չ511 Կենդանիների խաղալիք VET-0351,,,,,,,,,,,"800,00"
Չ512,,Չ512 խաղալիք VET-0352,,,,,,,,,,,"550,00"
Չ513,,Չ513 խաղալիք VET-0353,,,,,,,,,,,"450,00"
Չ514,,Չ514 խաղալիք VET-0354,,,,,,,,,,,"350,00"
Չ515,,Չ515 խաղալիք VET-0359,,,,,,,,,,,"350,00"
Չ516,,Չ516 խաղալիք VET-0360,,,,,,,,,,,"350,00"
Չ517,,Չ517 Կենդանիների խաղալիք VET-0361,,,,,,,,,,,"450,00"
Չ518,,Չ518 Կենդանիների խաղալիք VET-0362,,,,,,,,,,,"250,00"
Չ519,,Չ519 Կենդանիների խաղալիք VET-0363,,,,,,,,,,,"250,00"
Չ520,,Չ520 խաղալիք VET-0364,,,,,,,,,,,"350,00"
Չ521,,Չ521 Կենդանիների խաղալիք VET-0365,,,,,,,,,,,"350,00"
Չ522,,Չ522 Կենդանիների խաղալիք VET-0366,,,,,,,,,,,"350,00"
Չ523,,Չ523 Կենդանիների խաղալիք VET-0367,,,,,,,,,,,"450,00"
Չ524,,Չ524 խաղալիք VET-0368,,,,,,,,,,,"450,00"
Չ525,,Չ525 խաղալիք VET-0369,,,,,,,,,,,"450,00"
Չ526,,Չ526 մազերից մաքրող սարք VET-0370,,,,,,,,,,,"1 900,00"
Չ527,,Չ527 խաղալիք VET-0371,,,,,,,,,,,"350,00"
Չ528,,Չ528 Կենդանիների խաղալիք VET-0372,,,,,,,,,,,"450,00"
Չ529,,Չ529 կպչող սանր VET-0373,,,,,,,,,,,"350,00"
Չ530,,Չ530 Կենդանիների խաղալիք VET-0376,,,,,,,,,,,"2 850,00"
Չ531,,Չ531 Կենդանիների խաղալիք VET-0377,,,,,,,,,,,"3 750,00"
Չ532,,Չ532 ճանկռոտելու աքսեսուար VET-0378,,,,,,,,,,,"2 850,00"
Չ533,,Չ533 ճանկռոտելու աքսեսուար VET-0379,,,,,,,,,,,"4 150,00"
Չ534,,Չ534 ճանկռոտելու աքսեսուար VET-0382,,,,,,,,,,,"550,00"
Չ535,,Չ535 ճանկռոտելու աքսեսուար VET-0383,,,,,,,,,,,"550,00"
Չ536,,Չ536 ճանկռոտելու աքսեսուար VET-0384,,,,,,,,,,,"550,00"
Չ537,,Չ537 ճանկռոտելու աքսեսուար VET-0385,,,,,,,,,,,"550,00"
Չ538,,Չ538 ճանկռոտելու աքսեսուար VET-0386,,,,,,,,,,,"1 000,00"
Չ539,,Չ539 ճանկռոտելու աքսեսուար VET-0387,,,,,,,,,,,"1 000,00"
Չ540,,Չ540 Սիլիկոգել լցանյութ լավանդա կատուների համար 3կգ VET-0388,,,,,,,,,,,"3 600,00"
Չ541,,Չ541 Սիլիկոգել լցանյութ դեղձ կատուների համար 3կգ VET-0389,,,,,,,,,,,"3 600,00"
Չ542,,Չ542 Սիլիկոգել լցանյութ լիմոն կատուների համար 3կգ VET-0390,,,,,,,,,,,"3 600,00"
1230,,Պայուսակ 8-95,,,,,,,,,,,"7 200,00"
1136,,Ստրոգի Միջին 6-150,,,,,,,,,,,"1 500,00"
1137,,Ստրոգի Փոքր 6-149,,,,,,,,,,,"1 300,00"
O. China,,,,,,,,,,,,,
Չ 165,,Թրչունների ջրաման նաև Կերաման 500մլ,,,,,,,,,,,"800,00"
Չ 118,,Կերաման Մետաղյա Մուլտ 15սմ,,,,,,,,,,,"1 100,00"
Չ 119,,Կերաման Մետաղյա Մուլտ 22սմ,,,,,,,,,,,"2 200,00"
Չ 120,,Կերաման Մետաղյա Մուլտ 30սմ,,,,,,,,,,,"2 500,00"
Չ 127,,Ձգափոկ + Շլեյկա Շատ Ամուր 2.5*120սմ,,,,,,,,,,,"4 500,00"
Չ 126,,Ձգափոկ + Շլեյկա Շատ Ամուր 2*120սմ,,,,,,,,,,,"3 500,00"
Չ543,,Չ543 ՏՆԱԿ ZR-LS01S (S 38*38*30),,,,,,,,,,,"4 000,00"
Չ544,,Չ544 ՏՆԱԿ` ZR-LS01M (M 42*42*35),,,,,,,,,,,"4 500,00"
Չ545,,Չ545 ՏՆԱԿ` ZR-LS01L (L 44*44*39),,,,,,,,,,,"5 000,00"
Չ546,,Չ546 ԿԱՏՎԻ ԲԱԶՄՈՑ` ZR-DC01 (45*23սմ),,,,,,,,,,,"6 000,00"
Չ547,,Չ547 ՏՆԱԿ` ZR-MW01 (80*50սմ),,,,,,,,,,,"3 000,00"
Չ548,,Չ548 ԲԱԶՄՈՑ ԿԼՈՐ` ZR-18012 S (S:38*15),,,,,,,,,,,"4 000,00"
Չ549,,Չ549 ԲԱԶՄՈՑ ԿԼՈՐ` ZR-18012M (M:48*15),,,,,,,,,,,"5 000,00"
Չ550,,Չ550 ԲԱԶՄՈՑ ԿԼՈՐ` ZR-18012L (L:60*15),,,,,,,,,,,"6 000,00"
Չ551,,Չ551 ԲԱԶՄՈՑ ՓԱՓՈՒԿ` ZR-18028 S (S:55*42*15սմ),,,,,,,,,,,"5 000,00"
Չ552,,"Չ552 ԲԱԶՄՈՑ ՓԱՓՈՒԿ` ZR-18028 M (M:72*52*17սմ,)",,,,,,,,,,,"6 000,00"
Չ553,,"Չ553 ԲԱԶՄՈՑ ՓԱՓՈՒԿ` ZR-18028 L (L:84*64*17սմ,)",,,,,,,,,,,"6 500,00"
Չ554,,Չ554 ԲԱԶՄՈՑ ՓԱՓՈՒԿ` ZR-18028 XL (XL:94*74*18սմ),,,,,,,,,,,"10 000,00"
Չ555,,Չ555 ՊԱՅՈՒՍԱԿ ՓԱՓՈՒԿ` ZR-TS02 (50*60սմ),,,,,,,,,,,"7 500,00"
Չ556,,Չ556 ԲԱԶՄՈՑ ԲԱԶՄԱՆԿՅՈՒՆ` ZR-MY01S (48*40սմ),,,,,,,,,,,"5 000,00"
Չ557,,Չ557 ԲԱԶՄՈՑ ԲԱԶՄԱՆԿՅՈՒՆ` ZR-MY01L (60*50սմ),,,,,,,,,,,"6 000,00"
Չ558,,Չ558 ԲԱԶՄՈՑ` ZR-MY02 (60*50սմ),,,,,,,,,,,"7 500,00"
Չ559,,Չ559 ԲԱԶՄՈՑ ՄԱՏՐԱՍ` A24206 S (S：44*34.5*8),,,,,,,,,,,"3 900,00"
Չ560,,Չ560 ԲԱԶՄՈՑ ՄԱՏՐԱՍ` A24206 M (M：54*39.5*9),,,,,,,,,,,"4 900,00"
Չ561,,Չ561 ԲԱԶՄՈՑ ՄԱՏՐԱՍ` A24206 L (L：64*50*9),,,,,,,,,,,"5 900,00"
Չ562,,Չ562 ԲԱԶՄՈՑ ՄԱՏՐԱՍ` A24206 XL (XL：83*60*11),,,,,,,,,,,"7 900,00"
Չ563,,Չ563 ՏՆԱԿ ՁՈՒԿ` ZR-SY01 (40*40*50),,,,,,,,,,,"2 000,00"
Չ564,,Չ564 ԲԱԶՄՈՑ ԶԱՄԲՅՈՒՂ` ZR-TZ01S (35սմ),,,,,,,,,,,"2 500,00"
Չ565,,Չ565 ԲԱԶՄՈՑ ԶԱՄԲՅՈՒՂ` ZR-TZ01M (45սմ),,,,,,,,,,,"3 000,00"
Չ566,,Չ566 ԲԱԶՄՈՑ ԶԱՄԲՅՈՒՂ` ZR-TZ01L (50սմ),,,,,,,,,,,"3 500,00"
Չ567,,Չ567 ԲԱԶՄՈՑ ԱՄԱՌԱՅԻՆ` ZR-FY02 S (36*27*7սմ),,,,,,,,,,,"2 500,00"
Չ568,,Չ568 ԲԱԶՄՈՑ ԱՄԱՌԱՅԻՆ` ZR-FY02M (47*34*9սմ),,,,,,,,,,,"3 000,00"
Չ569,,Չ569 ԲԱԶՄՈՑ ԱՄԱՌԱՅԻՆ` ZR-FY02 L (64*46*12սմ),,,,,,,,,,,"4 500,00"
Չ570,,Չ570 ԲԱԶՄՈՑ ԱՄԱՌԱՅԻՆ` ZR-FY02 XL (84*56*14սմ),,,,,,,,,,,"7 000,00"
Չ571,,Չ571 ԲԱԶՄՈՑ ԱՄԱՌԱՅԻՆ` ZR-FY02 XXL (100*70*16սմ),,,,,,,,,,,"9 000,00"
Չ572,,Չ572 ԲԱԶՄՈՑ ՁԳՎՈՂ` ZR-FY03 S (45*45*3),,,,,,,,,,,"3 000,00"
Չ573,,Չ573 ԲԱԶՄՈՑ ՁԳՎՈՂ` ZR-FY03M (55*55*3),,,,,,,,,,,"4 500,00"
Չ574,,Չ574 ԲԱԶՄՈՑ ՁԳՎՈՂ` ZR-FY03 L (75*75*3),,,,,,,,,,,"6 000,00"
Չ575,,Չ575 ՏՆԱԿ` ZR-RL002-L (36*36*36),,,,,,,,,,,"4 900,00"
Չ576,,Չ576 ՏՆԱԿ` ZR-SH01M (39*39*38),,,,,,,,,,,"6 000,00"
Չ577,,Չ577 ԲԱԶՄՈՑ ԿԼՈՐ ՄԱԶՄԶՈՏ` ZR-CM01-50CM (50սմ),,,,,,,,,,,"3 000,00"
Չ578,,Չ578 ԲԱԶՄՈՑ ԿԼՈՐ ՄԱԶՄԶՈՏ` ZR-CM01-70CM (70սմ),,,,,,,,,,,"5 000,00"
Չ579,,Չ579 ԲԱԶՄՈՑ ԿԼՈՐ ՄԱԶՄԶՈՏ` ZR-CM01-90CM (90սմ),,,,,,,,,,,"8 500,00"
Չ580,,Չ580 ԲԱԶՄՈՑ ԿԼՈՐ ՄԱԶՄԶՈՏ` ZR-CM01-110CM (110սմ),,,,,,,,,,,"12 000,00"
Չ581,,Չ581 ՏՆԱԿ` ZR-MZ01S (50*50*20սմ),,,,,,,,,,,"5 000,00"
Չ582,,Չ582 ՏՆԱԿ` ZR-MZ01L (60*60*27),,,,,,,,,,,"7 000,00"
Չ583,,Չ583 ՏՆԱԿ` ZR-MZ02S (50*50*20սմ),,,,,,,,,,,"5 000,00"
Չ584,,Չ584 ՏՆԱԿ` ZR-MZ02L (60*60*27),,,,,,,,,,,"7 000,00"
Չ585,,Չ585 ՏՆԱԿ` ZR-MZ03 (41*38*36),,,,,,,,,,,"6 000,00"
Չ586,,Չ586 ՍՏՎԱՐԱԹՂԹԵ ԽԱՂԱԼԻՔ` ZR-CQ01 (50*27*9),,,,,,,,,,,"2 000,00"
Չ587,,Չ587 ՍՏՎԱՐԱԹՂԹԵ ԽԱՂԱԼԻՔ` ZR-CQ02 (60*25.5*16.5),,,,,,,,,,,"3 000,00"
Չ588,,Չ588 ՍԱՆՐ ՀԱՐԹ` HL9614 (11.5*16.5),,,,,,,,,,,"1 500,00"
Չ589,,Չ589 ՍԱՆՐ ԼԱՅՆ` ZR-CWS01 (19*8.5*5.5սմ),,,,,,,,,,,"1 800,00"
Չ590,,Չ590 ՍԱՆՐ ՓԱՅՏԻՑ` ZR-CWS02 (20սմ),,,,,,,,,,,"3 000,00"
Չ591,,Չ591 ՊԼ․ ՑՆՑՈՒՂ ԽՈՂՈՎԱԿՈՎ` ZR-CWS03 (2.2M),,,,,,,,,,,"3 000,00"
Չ592,,Չ592 ՍԱՆՐ` ZR-SY01 (22.5*5սմ),,,,,,,,,,,"1 000,00"
Չ593,,Չ593 ՍԱՆՐ` ZR-SY02 (23*7.5սմ),,,,,,,,,,,"1 200,00"
Չ594,,Չ594 ՍԱՆՐ` ZR-SY03 (21.5*11սմ),,,,,,,,,,,"1 600,00"
Չ595,,Չ595 ՍԱՆՐ` ZR-SY04 (18*7.5սմ),,,,,,,,,,,"1 700,00"
Չ596,,Չ596 ՍԱՆՐ` ZR-SY05 (19*10),,,,,,,,,,,"1 000,00"
Չ597,,Չ597 ՍԱՆՐ` ZR-SY06 (19*10.6),,,,,,,,,,,"1 000,00"
Չ598,,Չ598 ՍԱՆՐ` ZR-CWS08 (19.5*8.5*4.5),,,,,,,,,,,"1 000,00"
Չ599,,Չ599 ՍԱՆՐ` G333 S (8.5*17.5),,,,,,,,,,,"1 100,00"
Չ600,,Չ600 ՍԱՆՐ` G332 M (10.5*18),,,,,,,,,,,"1 300,00"
Չ601,,Չ601 ՍԱՆՐ` G331 L (12.5*19.5),,,,,,,,,,,"1 500,00"
Չ602,,Չ602 ՍԱՆՐ` G366 (7.5*19),,,,,,,,,,,"1 800,00"
Չ603,,Չ603 ՍԱՆՐ` G367 (10*20.5),,,,,,,,,,,"2 200,00"
Չ604,,Չ604 ՍԱՆՐ` Երկկողմանի G370 (7.3*22),,,,,,,,,,,"2 000,00"
Չ605,,Չ605 ԴՆՉԿԱԼ` ZT0001 (S),,,,,,,,,,,"1 600,00"
Չ606,,Չ606 ԴՆՉԿԱԼ` ZT0001 (M),,,,,,,,,,,"1 800,00"
Չ607,,Չ607 ԴՆՉԿԱԼ` ZT0001 (L),,,,,,,,,,,"2 000,00"
Չ608,,Չ608 ՊԱՇՏՊԱՆԻՉ ՀԱԳՈՒՍՏ` ZR-YY01 (S),,,,,,,,,,,"3 300,00"
Չ609,,Չ609 ՊԱՇՏՊԱՆԻՉ ՀԱԳՈՒՍՏ` ZR-YY01 (M),,,,,,,,,,,"3 500,00"
Չ610,,Չ610 ՊԱՇՏՊԱՆԻՉ ՀԱԳՈՒՍՏ` ZR-YY01 (L),,,,,,,,,,,"3 700,00"
Չ611,,Չ611 ՊԱՇՏՊԱՆԻՉ ՀԱԳՈՒՍՏ` ZR-YY01 (XL),,,,,,,,,,,"4 000,00"
Չ612,,Չ612 ՊԱՇՏՊԱՆԻՉ ՀԱԳՈՒՍՏ` ZR-YY01 (XXL),,,,,,,,,,,"4 300,00"
Չ613,,Չ613 ՊԱՇՏՊԱՆԻՉ ՀԱԳՈՒՍՏ` ZR-YY02 (S),,,,,,,,,,,"3 800,00"
Չ614,,Չ614 ՊԱՇՏՊԱՆԻՉ ՀԱԳՈՒՍՏ` ZR-YY02 (M),,,,,,,,,,,"4 100,00"
Չ615,,Չ615 ՊԱՇՏՊԱՆԻՉ ՀԱԳՈՒՍՏ` ZR-YY02 (L),,,,,,,,,,,"4 400,00"
Չ616,,Չ616 ՊԱՇՏՊԱՆԻՉ ՀԱԳՈՒՍՏ` ZR-YY02 (XL),,,,,,,,,,,"4 700,00"
Չ617,,Չ617 ՊԱՇՏՊԱՆԻՉ ՀԱԳՈՒՍՏ` ZR-YY02 (XXL),,,,,,,,,,,"5 000,00"
Չ618,,Չ618 ՊԱՇՏՊԱՆԻՉ ՀԱԳՈՒՍՏ` ZR-695 (S),,,,,,,,,,,"6 500,00"
Չ619,,Չ619 ՊԱՇՏՊԱՆԻՉ ՀԱԳՈՒՍՏ` ZR-695 (M),,,,,,,,,,,"7 500,00"
Չ620,,Չ620 ՊԱՇՏՊԱՆԻՉ ՀԱԳՈՒՍՏ` ZR-695 (L),,,,,,,,,,,"8 000,00"
Չ621,,Չ621 ՊԱՇՏՊԱՆԻՉ ՀԱԳՈՒՍՏ` ZR-695 (XL),,,,,,,,,,,"9 000,00"
Չ622,,Չ622 ՊԱՇՏՊԱՆԻՉ ՀԱԳՈՒՍՏ` ZR-695 (XXL),,,,,,,,,,,"10 000,00"
Չ623,,Չ623 ՊԱՇՏՊԱՆԻՉ ՀԱԳՈՒՍՏ` ZR-691 (XL),,,,,,,,,,,"5 000,00"
Չ624,,Չ624 ՊԱՇՏՊԱՆԻՉ ՀԱԳՈՒՍՏ` ZR-691 (2XL),,,,,,,,,,,"6 500,00"
Չ625,,Չ625 ՊԱՇՏՊԱՆԻՉ ՀԱԳՈՒՍՏ` ZR-691 (3XL),,,,,,,,,,,"7 000,00"
Չ626,,Չ626 ՊԱՇՏՊԱՆԻՉ ՀԱԳՈՒՍՏ` ZR-691 (4XL),,,,,,,,,,,"8 000,00"
Չ627,,Չ627 ՊԱՇՏՊԱՆԻՉ ՀԱԳՈՒՍՏ` ZR-691 (5XL),,,,,,,,,,,"9 000,00"
Չ628,,Չ628 ՊԱՇՏՊԱՆԻՉ ՀԱԳՈՒՍՏ` ZR-691 (6XL),,,,,,,,,,,"10 000,00"
Չ629,,Չ629 ՊԱՇՏՊԱՆԻՉ ՀԱԳՈՒՍՏ` ZR-692 (XL),,,,,,,,,,,"6 000,00"
Չ630,,Չ630 ՊԱՇՏՊԱՆԻՉ ՀԱԳՈՒՍՏ` ZR-692 (2XL),,,,,,,,,,,"6 500,00"
Չ631,,Չ631 ՊԱՇՏՊԱՆԻՉ ՀԱԳՈՒՍՏ` ZR-692 (3XL),,,,,,,,,,,"7 000,00"
Չ632,,Չ632 ՊԱՇՏՊԱՆԻՉ ՀԱԳՈՒՍՏ` ZR-692 (4XL),,,,,,,,,,,"7 500,00"
Չ633,,Չ633 ՊԱՇՏՊԱՆԻՉ ՀԱԳՈՒՍՏ` ZR-692 (5XL),,,,,,,,,,,"8 500,00"
Չ634,,Չ634 ՊԱՇՏՊԱՆԻՉ ՀԱԳՈՒՍՏ` ZR-692 (6XL),,,,,,,,,,,"9 500,00"
Չ635,,Չ635 ՊԱՇՏՊԱՆԻՉ ՀԱԳՈՒՍՏ` ZR-696 (S),,,,,,,,,,,"4 500,00"
Չ636,,Չ636 ՊԱՇՏՊԱՆԻՉ ՀԱԳՈՒՍՏ` ZR-696 (M),,,,,,,,,,,"5 000,00"
Չ637,,Չ637 ՊԱՇՏՊԱՆԻՉ ՀԱԳՈՒՍՏ` ZR-696 (L),,,,,,,,,,,"5 500,00"
Չ638,,Չ638 ՊԱՇՏՊԱՆԻՉ ՀԱԳՈՒՍՏ` ZR-696 (XL),,,,,,,,,,,"6 000,00"
Չ639,,Չ639 ՊԱՇՏՊԱՆԻՉ ՀԱԳՈՒՍՏ` ZR-696 (XXL),,,,,,,,,,,"6 500,00"
Չ640,,Չ640 ՊԱՇՏՊԱՆԻՉ ՀԱԳՈՒՍՏ` ZR-696 (XXXL),,,,,,,,,,,"7 000,00"
Չ641,,Չ641 ՊԱՇՏՊԱՆԻՉ ՀԱԳՈՒՍՏ` ZR-670 (XS),,,,,,,,,,,"3 000,00"
Չ642,,Չ642 ՊԱՇՏՊԱՆԻՉ ՀԱԳՈՒՍՏ` ZR-670 (S),,,,,,,,,,,"3 500,00"
Չ643,,Չ643 ՊԱՇՏՊԱՆԻՉ ՀԱԳՈՒՍՏ` ZR-670 (M),,,,,,,,,,,"4 000,00"
Չ644,,Չ644 ՊԱՇՏՊԱՆԻՉ ՀԱԳՈՒՍՏ` ZR-670 (L),,,,,,,,,,,"4 500,00"
Չ645,,Չ645 ՊԱՇՏՊԱՆԻՉ ՀԱԳՈՒՍՏ` ZR-670 (XL),,,,,,,,,,,"5 000,00"
Չ646,,Չ646 ՊԱՇՏՊԱՆԻՉ ՀԱԳՈՒՍՏ` ZR-670 (XXL),,,,,,,,,,,"5 500,00"
Չ647,,Չ647 ՊԱՇՏՊԱՆԻՉ ՀԱԳՈՒՍՏ` ZR-670 (XXXL),,,,,,,,,,,"6 000,00"
Չ648,,Չ648 ՊԱՇՏՊԱՆԻՉ ՀԱԳՈՒՍՏ` ZR-YY03 (XS),,,,,,,,,,,"1 500,00"
Չ649,,Չ649 ՊԱՇՏՊԱՆԻՉ ՀԱԳՈՒՍՏ` ZR-YY03 (S),,,,,,,,,,,"1 500,00"
Չ650,,Չ650 ՊԱՇՏՊԱՆԻՉ ՀԱԳՈՒՍՏ` ZR-YY03 (M),,,,,,,,,,,"1 500,00"
Չ651,,Չ651 ՊԱՇՏՊԱՆԻՉ ՀԱԳՈՒՍՏ` ZR-YY03 (L),,,,,,,,,,,"1 500,00"
Չ652,,Չ652 ՊԱՇՏՊԱՆԻՉ ՀԱԳՈՒՍՏ` ZR-YY03 (XL),,,,,,,,,,,"1 500,00"
Չ653,,Չ653 ՊԱՇՏՊԱՆԻՉ ՀԱԳՈՒՍՏ` ZR-YY03 (XXL),,,,,,,,,,,"1 500,00"
Չ654,,Չ654 ՁԳԱՓՈԿ` ZR-XB01 (2.5սմ*120սմ),,,,,,,,,,,"6 000,00"
Չ655,,Չ655 ՇԼԵՅԿԱ ԱՄՈՒՐ` ZR-511 (S),,,,,,,,,,,"4 000,00"
Չ656,,Չ656 ՇԼԵՅԿԱ ԱՄՈՒՐ` ZR-511 (M),,,,,,,,,,,"5 000,00"
Չ657,,Չ657 ՇԼԵՅԿԱ ԱՄՈՒՐ` ZR-511 (L),,,,,,,,,,,"6 000,00"
Չ658,,Չ658 ՁԳԱՓՈԿ` ZR-XL01 (2.5*1.5m),,,,,,,,,,,"1 500,00"
Չ659,,Չ659 ՁԳԱՓՈԿ` ZR-XL02 (1.5m),,,,,,,,,,,"2 000,00"
Չ660,,Չ660 ՎԶԿԱՊ` ZR-XL03 (M),,,,,,,,,,,"1 600,00"
Չ661,,Չ661 ՎԶԿԱՊ` ZR-XL03 (L),,,,,,,,,,,"1 800,00"
Չ662,,Չ662 ՎԶԿԱՊ` ZR-XL03 (XL),,,,,,,,,,,"2 000,00"
Չ663,,Չ663 ՇԼԵՅԿԱ ԱՄՈՒՐ` ZR-XL05 (M),,,,,,,,,,,"5 000,00"
Չ664,,Չ664 ՇԼԵՅԿԱ ԱՄՈՒՐ` ZR-XL05 (L),,,,,,,,,,,"5 500,00"
Չ665,,Չ665 ՇԼԵՅԿԱ ԱՄՈՒՐ` ZR-XL05 (XL),,,,,,,,,,,"7 000,00"
Չ666,,Չ666 ՁԳԱՓՈԿ ՁԳՎՈՂ` ls171 (3M),,,,,,,,,,,"2 000,00"
Չ667,,Չ667 ՁԳԱՓՈԿ ՁԳՎՈՂ` ls172 (5M14.5*11*3սմ),,,,,,,,,,,"3 000,00"
Չ668,,Չ668 ՁԳԱՓՈԿ ՁԳՎՈՂ` ls173 (8M393.2克),,,,,,,,,,,"4 000,00"
Չ669,,Չ669 ՁԳԱՓՈԿ ՁԳՎՈՂ` LS220 (5M),,,,,,,,,,,"5 000,00"
Չ670,,Չ670 ՁԳԱՓՈԿ ՁԳՎՈՂ` LS259 (3M),,,,,,,,,,,"3 300,00"
Չ671,,Չ671 ՁԳԱՓՈԿ ՁԳՎՈՂ` LS308 (5M),,,,,,,,,,,"4 000,00"
Չ672,,Չ672 ՁԳԱՓՈԿ ՁԳՎՈՂ` LS259-1 (3M),,,,,,,,,,,"3 600,00"
Չ673,,Չ673 ՁԳԱՓՈԿ ՁԳՎՈՂ` LS308-1 (5M),,,,,,,,,,,"4 000,00"
Չ674,,Չ674 ՊԼ․ ԽԱՂԱԼԻՔ` ZR-CAT180 (18.5*6.5*4.6սմ) կատվի անանուխ,,,,,,,,,,,"1 500,00"
Չ675,,Չ675 ՊԼ․ ԽԱՂԱԼԻՔԻ ՀԱՎԱՔԱԾՈՒ` ZR-CAT181 (),,,,,,,,,,,"2 800,00"
Չ676,,Չ676 ՃԱՆԱՊԱՐՀԱՅԻՆ ՋՐԱՄԱՆ` LS267 (350մլ),,,,,,,,,,,"1 800,00"
Չ677,,Չ677 ՍԱՆՐ ԳՈԼՈՐՇԻՈՎ` ZR-PW01 (),,,,,,,,,,,"800,00"
Չ678,,Չ678 ԳՈԳԱԹԻԱԿ` ZR-CZ01 (20սմ*9սմ),,,,,,,,,,,"150,00"
Չ679,,Չ679 ՓԱՅՏՅԱ ԽԱՂԱԼԻՔ` ZR3411-13 (40*25*60),,,,,,,,,,,"3 000,00"
Չ680,,Չ680 ՓԱՅՏՅԱ ԽԱՂԱԼԻՔ` ZR-CQ09 (60*30*30),,,,,,,,,,,"4 000,00"
Չ681,,Չ681 ՔԻՍԱ-ՁԵՌՆՈՑ` ZR-RM01 (23*18սմ),,,,,,,,,,,"650,00"
Չ682,,Չ682 ՊԼ․ ՏԱՐԱ-ԽՈԶԱՆԱԿ` ZR-MY01 (9*7.5*4.5սմ),,,,,,,,,,,"600,00"
Չ683,,Չ683 ՍՏՎԱՐԱԹՂԹԵ ԽԱՂԱԼԻՔ` ZR-CAT187 (24*24*11),,,,,,,,,,,"2 000,00"
Չ684,,Չ684 ՌԵՏԻՆԵ ԽԱՂԱԼԻՔ` ZR-CAT185 (50*40*2.5),,,,,,,,,,,"5 500,00"
Չ685,,Չ685 ԽԱՂԱԼԻՔԻ ՀԱՎԱՔԱԾՈՒ ՓԱՅՏԵ ՏՈՒՓՈՎ` ZR-CAT186 (),,,,,,,,,,,"3 000,00"
Չ686,,Չ686 ՓԱՅՏՅԱ ԽԱՂԱԼԻՔ` ZR-188S (32*16.5*24),,,,,,,,,,,"1 000,00"
Չ687,,Չ687 ՓԱՅՏՅԱ ԽԱՂԱԼԻՔ` ZR-188M (38*26*24),,,,,,,,,,,"3 300,00"
Չ688,,Չ688 ՓԱՅՏՅԱ ԽԱՂԱԼԻՔ` ZR-188L (55*27*24),,,,,,,,,,,"4 600,00"
Չ689,,Չ689 ՇԼԵՅԿԱ` ZR-519 (S),,,,,,,,,,,"2 500,00"
Չ690,,Չ690 ՇԼԵՅԿԱ` ZR-519 (M),,,,,,,,,,,"2 700,00"
Չ691,,Չ691 ՇԼԵՅԿԱ` ZR-519 (L),,,,,,,,,,,"2 900,00"
Չ692,,Չ692 ՇԼԵՅԿԱ` ZR-519 (XL),,,,,,,,,,,"3 100,00"
Չ693,,Չ693 ՊԱՅՈՒՍԱԿ` ZR-B134 (32*17*42),,,,,,,,,,,"8 000,00"
Չ694,,Չ694 ՊԱՅՈՒՍԱԿ` ZR-B02 (45*26*28),,,,,,,,,,,"8 000,00"
Չ695,,Չ695 ԹԻԿՆԱՊԱՅՈՒՍԱԿ` ZR-B03 (32*25*29),,,,,,,,,,,"7 000,00"
Չ696,,Չ696 ԹԻԿՆԱՊԱՅՈՒՍԱԿ` ZR-B11 (32*32*42),,,,,,,,,,,"10 000,00"
Չ697,,Չ697 ՊԱՅՈՒՍԱԿ` ZR-B25 S (41*25*24),,,,,,,,,,,"7 500,00"
Չ698,,Չ698 ՊԱՅՈՒՍԱԿ` ZR-B25 L (51*28*26),,,,,,,,,,,"8 000,00"
Չ699,,Չ699 ԹԻԿՆԱՊԱՅՈՒՍԱԿ` ZR-B31 (42*31*28),,,,,,,,,,,"7 000,00"
Չ700,,Չ700 ԹԻԿՆԱՊԱՅՈՒՍԱԿ` ZR-B32 (42*31*28),,,,,,,,,,,"7 000,00"
Չ701,,Չ701 ՊԱՅՈՒՍԱԿ` ZR-B36 S (35*16*23),,,,,,,,,,,"2 800,00"
Չ702,,Չ702 ՊԱՅՈՒՍԱԿ` ZR-B36 M (40*20*26),,,,,,,,,,,"3 200,00"
Չ703,,Չ703 ՊԱՅՈՒՍԱԿ` ZR-B36 L (55*22*28),,,,,,,,,,,"3 600,00"
Չ704,,Չ704 ՊԱՅՈՒՍԱԿ` ZR-B37 S (35*16*23),,,,,,,,,,,"2 800,00"
Չ705,,Չ705 ՊԱՅՈՒՍԱԿ` ZR-B37 M (40*20*26),,,,,,,,,,,"3 200,00"
Չ706,,Չ706 ՊԱՅՈՒՍԱԿ` ZR-B37 L (55*22*28),,,,,,,,,,,"3 600,00"
Չ707,,Չ707 ՊԱՅՈՒՍԱԿ` ZR-B38 S (35*24*20),,,,,,,,,,,"3 500,00"
Չ708,,Չ708 ՊԱՅՈՒՍԱԿ` ZR-B38 M (42*26*24),,,,,,,,,,,"4 000,00"
Չ709,,Չ709 ՊԱՅՈՒՍԱԿ` ZR-B38 L (48*28*26),,,,,,,,,,,"4 300,00"
Չ710,,Չ710 ՊԱՅՈՒՍԱԿ` ZR-B43 S (35*22*19),,,,,,,,,,,"5 000,00"
Չ711,,Չ711 ՊԱՅՈՒՍԱԿ` ZR-B43 M (42*23*26),,,,,,,,,,,"5 500,00"
Չ712,,Չ712 ՊԱՅՈՒՍԱԿ` ZR-B43 L (50*25*27),,,,,,,,,,,"6 000,00"
Չ713,,Չ713 ՊԱՅՈՒՍԱԿ` ZR-B46 (43*24*28),,,,,,,,,,,"5 000,00"
Չ714,,Չ714 ԹԻԿՆԱՊԱՅՈՒՍԱԿ` ZR-B56 (42*34*28),,,,,,,,,,,"6 000,00"
Չ715,,Չ715 ՊԱՅՈՒՍԱԿ` ZR-B60 S (36*20*22),,,,,,,,,,,"5 000,00"
Չ716,,Չ716 ՊԱՅՈՒՍԱԿ` ZR-B60 L (42*28*33),,,,,,,,,,,"7 000,00"
Չ717,,Չ717 ԹԻԿՆԱՊԱՅՈՒՍԱԿ` ZR-B64 (35*31*49),,,,,,,,,,,"12 000,00"
Չ718,,Չ718 ԷԼ․ ԱՎՏՈՄԱՏ ԿԵՐԱՄԱՆ` ZR-APF15(5L) (19.5*19.5*34 (5L)),,,,,,,,,,,"26 000,00"
Չ719,,Չ719 ՌԵՏԻՆԵ ԽԱՂԱԼԻՔ` 130 (7.0սմ),,,,,,,,,,,"1 300,00"
Չ720,,Չ720 ՌԵՏԻՆԵ ԽԱՂԱԼԻՔ` 131 (6.3սմ),,,,,,,,,,,"1 100,00"
Չ721,,Չ721 ՌԵՏԻՆԵ ԽԱՂԱԼԻՔ` 135 (4.7սմ),,,,,,,,,,,"700,00"
Չ722,,Չ722 ՌԵՏԻՆԵ ԽԱՂԱԼԻՔ` CG-2 (7.5),,,,,,,,,,,"600,00"
Չ723,,Չ723 ՌԵՏԻՆԵ ԽԱՂԱԼԻՔ գնդակ` CG-3 (10) 6 հատ,,,,,,,,,,,"4 800,00"
Չ724,,Չ724 ՌԵՏԻՆԵ ԽԱՂԱԼԻՔ` HX230 (7.5սմ),,,,,,,,,,,"350,00"
Չ725,,Չ725 ՌԵՏԻՆԵ ԽԱՂԱԼԻՔ` 89 (178*105*33),,,,,,,,,,,"1 200,00"
Չ726,,Չ726 ՌԵՏԻՆԵ ԽԱՂԱԼԻՔ` ZR-XQ02 (17.5սմ),,,,,,,,,,,"1 000,00"
Չ727,,Չ727 ՌԵՏԻՆԵ ԽԱՂԱԼԻՔ` ZR-XQ03 (19.5սմ),,,,,,,,,,,"1 000,00"
Չ728,,Չ728 ՌԵՏԻՆԵ ԽԱՂԱԼԻՔ` 90 (125*65),,,,,,,,,,,"600,00"
Չ729,,Չ729 ՌԵՏԻՆԵ ԽԱՂԱԼԻՔ` 87 (125*110*27),,,,,,,,,,,"600,00"
Չ730,,Չ730 ՌԵՏԻՆԵ ԽԱՂԱԼԻՔ` 88 (130*68*36),,,,,,,,,,,"600,00"
Չ731,,Չ731 ՌԵՏԻՆԵ ԽԱՂԱԼԻՔ` 3 (38*140),,,,,,,,,,,"600,00"
Չ732,,Չ732 ԴՆՉԿԱԼ` ZR-ZT005 (S),,,,,,,,,,,"1 000,00"
Չ733,,Չ733 ԴՆՉԿԱԼ` ZR-ZT005 (M),,,,,,,,,,,"1 500,00"
Չ734,,Չ734 ԴՆՉԿԱԼ` ZR-ZT005 (L),,,,,,,,,,,"2 000,00"
Չ735,,Չ735 ՎԶԿԱՊ` ZR-00035 (1.5*38սմ),,,,,,,,,,,"300,00"
Չ736,,Չ736 ՎԶԿԱՊ` ZR-00035 (2.0*48սմ),,,,,,,,,,,"350,00"
Չ737,,Չ737 ՎԶԿԱՊ` ZR-00035 (2.5*57սմ),,,,,,,,,,,"400,00"
Չ738,,Չ738 ՎԶԿԱՊ` ZR-00035 (3.0*60սմ),,,,,,,,,,,"500,00"
Չ739,,Չ739 ՎԶԿԱՊ` ZR-00035 (4.0*70սմ),,,,,,,,,,,"600,00"
Չ740,,Չ740 ՊԱՇՏՊԱՆԻՉ ՕՁԻՔ` ZR-DB02 (23-29սմ),,,,,,,,,,,"1 000,00"
Չ741,,Չ741 ՊԱՇՏՊԱՆԻՉ ՕՁԻՔ` ZR-DB02 (29-37սմ),,,,,,,,,,,"1 500,00"
Չ742,,Չ742 ՊԱՇՏՊԱՆԻՉ ՕՁԻՔ` ZR-DB02 (38-45սմ),,,,,,,,,,,"2 000,00"
Չ743,,Չ743 ՊԱՇՏՊԱՆԻՉ ՕՁԻՔ` ZR-DB02 (42-50սմ),,,,,,,,,,,"3 000,00"
Չ744,,Չ744 ՎԶԿԱՊ` YY-029 (4.0#),,,,,,,,,,,"800,00"
Չ745,,Չ745 ՎԶԿԱՊ` YY-029 (5.0#),,,,,,,,,,,"1 200,00"
Չ746,,Չ746 ՊԼ․ ԽԱՂԱԼԻՔ` ZR-ZN36 (20.5*11.5*4),,,,,,,,,,,"3 500,00"
Չ747,,Չ747 ՊԼ․ ԽԱՂԱԼԻՔ` YC041 (21*21*34սմ),,,,,,,,,,,"1 900,00"
Չ748,,Չ748 ՊԼ․ ԽԱՂԱԼԻՔ` YC033 (21*17սմ),,,,,,,,,,,"1 900,00"
Չ749,,Չ749 ՊԼ․ ԽԱՂԱԼԻՔ` YC030 (24*15),,,,,,,,,,,"1 900,00"
Չ750,,Չ750 ՊԼ․ ԽԱՂԱԼԻՔ` YC019 (21.5*29սմ),,,,,,,,,,,"1 900,00"
Չ751,,Չ751 ՊԼ․ ԽԱՂԱԼԻՔ` YC020 (9*28սմ),,,,,,,,,,,"1 900,00"
,,Պայուսակ ZR-B67,,,,,,,,,,,"7 000,00"
Չ 163,,Ջրաման Թութակի Ներսից Դնովի 140մլ,,,,,,,,,,,"200,00"
Չ 161,,Ջրաման Թութակի Ներսից Դնովի 60մլ,,,,,,,,,,,"100,00"
Չ 162,,Ջրաման Թութակի Ներսից Դնովի 90մլ,,,,,,,,,,,"150,00"
Չ 121,,Ջրաման Շշի Համար Կախովի,,,,,,,,,,,"1 000,00"
Չ 062,,Սանր Խուճուճ Մազերի,,,,,,,,,,,"3 000,00"
,,Վզկապ XL04 L,,,,,,,,,,,"1 800,00"
,,Վզկապ XL04 M,,,,,,,,,,,"1 600,00"
,,Վզկապ XL04 XL,,,,,,,,,,,"2 000,00"
Չ 001,,Վզկապ Կատվի Կոդ 001,,,,,,,,,,,"350,00"
Չ 002,,Վզկապ Կատվի Կոդ 002,,,,,,,,,,,"350,00"
P. Picart,,,,,,,,,,,,,
Ս004,,Canis 20kg,,,,,,,,,,,"13 000,00"
Ս011,,Canis Puppy 20կգ,,,,,,,,,,,"16 000,00"
Ս032,,Megabone Adult 15kg,,,,,,,,,,,"12 000,00"
Ս033,,Megabone Cat 15kg,,,,,,,,,,,"15 000,00"
Ս038,,Megabone energy for dogs 12kg,,,,,,,,,,,"12 000,00"
Ս009,,Megabone point cat 18kg,,,,,,,,,,,"17 000,00"
Ս031,,Megabone Puppy 12kg,,,,,,,,,,,"11 000,00"
Ս019,,Nutribest adult Lamb & Rice 15kg,,,,,,,,,,,"17 000,00"
Ս002,,Nutribest Cat Adult Chicken & Rice 15kg,,,,,,,,,,,"17 000,00"
Ս029,,Nutribest Kitten Chicken & Rice 8kg,,,,,,,,,,,"11 000,00"
Ս017,,Nutribest Puppy 15կգ,,,,,,,,,,,"17 000,00"
Ս037,,Select Maxi Adult chicken 12kg,,,,,,,,,,,"18 000,00"
Ս035,,Select Maxi puppy chicken 12kg,,,,,,,,,,,"20 000,00"
Ս036,,Select Medium Adult chicken for dogs 12kg,,,,,,,,,,,"18 000,00"
Ս034,,Select Medium Puppy chicken 12kg,,,,,,,,,,,"20 000,00"
Ս010,,Select mini adult 8կգ,,,,,,,,,,,"14 000,00"
Ս030,,Select Mini Puppy Chicken & Rice 8kg,,,,,,,,,,,"14 000,00"
Q. Little One,,,,,,,,,,,,,
Կ157,,Little One  зерносмесь для хомячков 400г,,,,,,,,,,,"850,00"
Կ156,,Little One зерносмесь для морских свинок 400г,,,,,,,,,,,"900,00"
Կ154,,Little One зерносмесь корм для крыс 400г,,,,,,,,,,,"1 000,00"
Կ155,,Little One зерносмесь корм для молодых кроликов 400г,,,,,,,,,,,"850,00"
Կ416,,Зерносмесь Little One для дегу 400 гр /31090/,,,,,,,,,,,"850,00"
Կ266,,Зерносмесь Little One для карликовых хомячков 400г,,,,,,,,,,,"900,00"
Կ153,,Зерносмесь Little One для кроликов 400 г,,,,,,,,,,,"900,00"
Կ158,,Зерносмесь Little One для шиншилл 400 г,,,,,,,,,,,"850,00"
Կ276,,"Корзинка Little One из луговых трав с наполнением, ассорти  65гр",,,,,,,,,,,"650,00"
Կ279,,Лакомство Little One мучной червь для всеядных грызунов 70гр,,,,,,,,,,,"1 400,00"
Կ280,,Лакомство Little One смесь насекомых для всеядных грызунов 75гр,,,,,,,,,,,"1 600,00"
Կ281,,Лакомство Little One Травяные подушечки для всех видов грызунов 100гр,,,,,,,,,,,"800,00"
Կ282,,Лакомство Little One фруктовая смесь для всех видов грызунов 200гр,,,,,,,,,,,"1 250,00"
Կ382,,Կ382 Зерносмесь Little One для кроликов 900 гр /31032/,,,,,,,,,,,"2 000,00"
Կ383,,Կ383 Зерносмесь Little One для молодых кроликов 900 г /31042/,,,,,,,,,,,"1 800,00"
Կ384,,Կ384 Зерносмесь Little One для морских свинок 900 г /31022/,,,,,,,,,,,"1 900,00"
Կ385,,Կ385 Зерносмесь Little One для хомячков 900 гр/31012/,,,,,,,,,,,"1 800,00"
Կ386,,Կ386 Зерносмесь Little One для шиншилл 900 г /31072/,,,,,,,,,,,"1 800,00"
R. Rio,,,,,,,,,,,,,
Կ267,,Зерносмесь Рио минеральная смесь для всех видов птиц 520г,,,,,,,,,,,"650,00"
Կ088,,Рио зерносмесь для волнистых попугайчиков 500г,,,,,,,,,,,"750,00"
Կ331,,Рио зерносмесь для волнистых попугайчиков в период линьки 500г,,,,,,,,,,,"800,00"
Կ089,,Рио зерносмесь для канареек 500г,,,,,,,,,,,"1 000,00"
Կ160,,Рио зерносмесь для канареек в период линьки 500г,,,,,,,,,,,"1 000,00"
Կ090,,Рио зерносмесь для крупных попугаев 500г,,,,,,,,,,,"1 200,00"
Կ091,,Рио зерносмесь для средних попугаев 500г,,,,,,,,,,,"850,00"
Կ445,,Рио зерносмесь для средних попугаев в период линьки 500г 10шт/уп /21040/,,,,,,,,,,,"1 000,00"
Կ446,,"Рио зерносмесь яичный корм для волнистых попугайчиков и других мелких птиц 250гр, 5 шт /21190/пнв",,,,,,,,,,,"1 200,00"
Կ387,,Կ387 Зерносмесь Рио Гурмэ для средних и крупных попугаев 250гр /21220/,,,,,,,,,,,"1 300,00"
Կ388,,Կ388 Зерносмесь Рио для волнистых попугайчиков 1кг /21012/,,,,,,,,,,,"1 400,00"
Կ389,,Կ389 Зерносмесь Рио для волнистых попугайчиков в период линьки 1 кг /21022/,,,,,,,,,,,"1 550,00"
Կ390,,Կ390 Зерносмесь Рио для средних попугаев 1кг /21032/,,,,,,,,,,,"1 600,00"
Կ391,,Կ391 Рио зерносмесь для экзотических птиц 500г /21100/,,,,,,,,,,,"1 200,00"
Կ392,,Կ392 Зерносмесь Рио яичный корм для средних и крупных попугаев 250гр /21200/,,,,,,,,,,,"1 300,00"
ԱՎ 14,,Հիգիենիկ ավազ թութակների համար Гигиенический песок RIO 2 кг для птиц,,,,,,,,,,,"1 800,00"
"V. Vzkap, dzgapok, doshkal",,,,,,,,,,,,,
1080,,Խամյակի վանդակ - 2,,,,,,,,,,,"3 900,00"
Չ760,,Ձգափոկ Կաշվե Սև,,,,,,,,,,,"2 300,00"
,,Ձգափոկ կտորից հաստ,,,,,,,,,,,"1 900,00"
1100,,Շան կուլոն վզնոց,,,,,,,,,,,"1 000,00"
Չ762,,Շլեյկա Մեծ Սև,,,,,,,,,,,"5 500,00"
Չ761,,Շլեյկա Միջին Սև,,,,,,,,,,,"4 500,00"
1120,,Շլեյկա Փոքր Սև,,,,,,,,,,,"4 000,00"
,,Պայուսակ սետկայով մեծ,,,,,,,,,,,"5 850,00"
,,Պայուսակ սետկայով փոքր,,,,,,,,,,,"3 900,00"
1152,,Պավադոկ կտորից մեր,,,,,,,,,,,"1 500,00"
Չ756,,"Պովոդոկ 2․5սմ 100, զսպանակով",,,,,,,,,,,"2 200,00"
Չ757,,Պովոդոկ զսպանակով կտոր,,,,,,,,,,,"1 650,00"
Չ758,,Պովոդոկ սովորական կտոր,,,,,,,,,,,"1 500,00"
1021,,Ջրաման Թութակի Երկար,,,,,,,,,,,"250,00"
Չ752,,Վզկապ Կաշվե 2.5սմ,,,,,,,,,,,"700,00"
Չ759,,Վզկապ կաշվե 2սմ,,,,,,,,,,,"600,00"
,,"Վզկապ կաշվե 3,5 սմ",,,,,,,,,,,"1 300,00"
Չ753,,Վզկապ կաշվե 3սմ,,,,,,,,,,,"800,00"
Չ754,,Վզկապ կաշվե 4սմ,,,,,,,,,,,"1 600,00"
Չ755,,Վզկապ Կաշվե 5սմ,,,,,,,,,,,"2 900,00"
Չօգտագործել,,,,,,,,,,,,,
X. Xachik,,,,,,,,,,,,,
1073,,"Անկողին Մեծ 5-10, 5-11, 4-4",,,,,,,,,,,"14 300,00"
2-33,,Շան վանդակ 2-33,,,,,,,,,,,"61 100,00"
2-34,,Շան վանդակ 2-34,,,,,,,,,,,"67 600,00"
1103,,Պայուսակ մեծ,,,,,,,,,,,"6 500,00"